Object,Sequence No.,Maintenance Plant,Functional Location,Functional Location,Authorization Group,Structure indicator,FunctLocCategory,FunctLocDescrip.,Business Area,Object Type,Location,Plant Section,Created By,Work Center,ABC Indicator,Capacity,Peak Load,Network Object Classification,Category for Residential / Commercial /,Switch Make By,First Hit Point,NSIS AOC,Character 100,Postal Code,Room Number,Functional Location,Work Center,Superior FunctLoc.,Status Profile,Connection Object,Type of premise,Premise,Meter reading unit,Installation,Device Location,Notification,Notification Type,Functional Location,Functional Location,Functional Location,Load Shed Group,Equipment,Equipment,NSISID,GIS Id,Created On,Time,Created By,Component of the Version Number,Status,Status effective date,DSA: ABC Indicator,ABC Date,Changed On,Field of type TIMS,Length,Single / Double Values,Changed By,Changed On,Field of type TIMS,Indicator,Functional Location,Functional Location,DSA: Feeder Protection Status,"DSA: Sendor / Receiver , Incomer / Outgo",Functional Location,Relay,CT Ratio,Relay Nominal Phase Current,Relay Nominal Neutral Current,DSA: APM Status,APM Date,DSA: SS Room Location,DSA: LT Panel Type,Yes or No,DSA: Scheme,DSA: Model,DSA: Protection Level,DSA: Utilization
FEEDER,99,DN01,FDR-000099,,123,AO_GP,M,BARADARI,4000,DN-CAB-01,99,C-G,,OCR-GUL,,304.5,,B,,,,16,,,,,OCR-GUL,DN-E006-02-SW20,DN_FFL,,FEEDER,,,,,,,4001264950,4001265382,4001761227,,3000000049691,,99,{293B29CC-4EB9-4F72-A746-6472AFE85787},6/28/2018,,U80016139,NT,FACT,,,,,12:00:00 AM,0,D,,,12:00:00 AM,,,,,,,,,0,0,,,,,,,,,
FEEDER,102,DN01,FDR-000102,,127,AO_GP,M,EAGLE SQUAD,4000,DN-CAB-01,102,C-G,,OCR-GUL,,304.5,,B,,,,12,,,,,OCR-GUL,DN-E006-02-SW17,DN_FFL,,FEEDER,,,,,,,4001264951,4001265383,4001761228,,3000000049692,,102,{74142776-A641-4BD7-B3BE-B5D11FE71DE8},10/5/2018,,U80016139,FA,FACT,,,,,12:00:00 AM,0,D,,,12:00:00 AM,,,,,,,,,0,0,,,,,,,,,
FEEDER,103,DN01,FDR-000103,,127,AO_GP,M,PARAS,4000,DN-CAB-01,103,C-G,,OCR-GUL,,304.5,,B,,,,12,,,,,OCR-GUL,DN-E006-02-SW17,DN_FFL,,FEEDER,,,,,,,4001264952,4001265384,4001761382,,3000000049693,,103,{D5EB9543-F85C-46DC-A38F-4C6447259CE8},6/28/2018,,U80016139,NT,FACT,,,,,12:00:00 AM,0,D,,,12:00:00 AM,,,,,,,,,0,0,,,,,,,,,
FEEDER,109,DN01,FDR-000109,,123,AO_GP,M,EXPO CENTER,4000,DN-CAB-01,109,C-G,,OCR-GUL,,304.5,,B,,,,16,,,,,OCR-GUL,DN-E006-02-SW15,DN_FFL,,FEEDER,,,,,,,4001264953,4001265385,4001761229,,3000000049694,,109,{5F52761C-38F2-457C-8D75-321EE8EED395},6/28/2018,,U80016139,NT,FACT,,,,,12:00:00 AM,0,D,,,12:00:00 AM,,,,,,,,,0,0,,,,,,,,,
FEEDER,111,DN01,FDR-000111,,127,AO_GP,M,RUKKNUDDIN,4000,DN-CAB-01,111,C-G,,OCR-GUL,,304.5,,B,,,,12,,,,,OCR-GUL,DN-E006-03-SW25,DN_FFL,,FEEDER,,,,,,,4001265395,4001265386,4001761383,,3000000095894,,000111,{4445CA36-D0D2-4741-A026-726ABB8A291A},6/28/2018,,U80016139,NT,FACT,,,,,12:00:00 AM,0,S,,,12:00:00 AM,,,,,,,,,0,0,,,,,,,,,
FEEDER,117,DN01,FDR-000117,,127,AO_GP,M,QASIMABAD DEGREE COLLGE (QDC),4000,DN-CAB-01,117,C-G,,OCR-GUL,,304.5,,B,,,,12,,,,,OCR-GUL,DN-E006-03-SW27,DN_FFL,,FEEDER,,,,,,,4001265396,4001265387,4001761384,,3000000093033,,000117,{7A7F1A9C-0CB0-41B8-A740-D25FABC51C62},6/28/2018,,U80016139,NT,FACT,,,,,12:00:00 AM,0,D,GULSHAN-MGR,6/9/2020,5:29:17 PM,,,,,,,,,0,0,,,,,,,,,
FEEDER,186,DN01,FDR-000186,,132,AO_GP,M,BASRA SOAP,4000,DN-CAB-01,186,C-G,,OCR-GUL,,304.5,,B,,,,03,,,,,OCR-GUL,DN-E048-01-SW18,DN_FFL,,FEEDER,,,,,,,4001265397,4001265388,4001761810,,3000000049697,,000186,{1DB03AFF-0934-4749-92EB-6BC849D1A830},10/5/2018,,U80016139,FA,FACT,,,,,12:00:00 AM,0,S,GULSHAN-MGR,8/21/2020,10:42:39 AM,,,,,,,,,0,0,,,,,,,,,
FEEDER,190,DN01,FDR-000190,,132,AO_GP,M,SAGHIR CENTER (RASHID MINHAS),4000,DN-CAB-01,190,C-G,,OCR-GUL,,304.5,,B,,,,03,,,,,OCR-GUL,DN-E012-04-SW37,DN_FFL,,FEEDER,,,,,,,4001265401,4001265392,4001761811,,3000000049701,,190,{FA8F1895-AB6F-4923-BB2D-8A99A145EC41},6/28/2018,,U80016139,NT,FACT,,,,,12:00:00 AM,0,S,,,12:00:00 AM,,,,,,,,,0,0,,,,,,,,,
FEEDER,191,DN01,FDR-000191,,132,AO_GP,M,PLASTIC CRAFTER(UNIVERSAL TEX.),4000,DN-CAB-01,191,C-G,,OCR-GUL,,304.5,,B,,,,03,,,,,OCR-GUL,DN-E012-03-SW2,DN_FFL,,FEEDER,,,,,,,4001265402,4001265393,4001761812,,3000000049702,,191,{A0819177-F5BC-4A9C-8DD7-50738C55070E},6/28/2018,,U80016139,NT,FACT,,,,5/20/2021,11:07:07 AM,0,S,GULSHAN-MGR,11/30/2022,12:29:42 PM,,4002370794,4002370795,,,,,,0,0,,,,,,,,,
FEEDER,192,DN01,FDR-000192,,132,AO_GP,M,CHAND MARKET (P-59),4000,DN-CAB-01,192,C-G,,OCR-GUL,,304.5,,B,,,,03,,,,,OCR-GUL,DN-E012-01-SW45,DN_FFL,,FEEDER,,,,,,,4001265403,4001265394,4001761813,,3000000049703,,192,{F6138A7E-49B5-4778-8CDC-880017FD30AD},6/28/2018,,U80016139,NT,FACT,,,,,12:00:00 AM,0,S,,,12:00:00 AM,,,,,,,,,0,0,,,,,,,,,
FEEDER,193,DN01,FDR-000193,,132,AO_GP,M,PYRAMID CENTER,4000,DN-CAB-01,193,C-G,,OCR-GUL,,304,,B,,,,03,,,,,OCR-GUL,DN-E012-03-SW3,DN_FFL,4002370796,FEEDER,6003667296,,,5003685000,2000005118,AI,4001265404,4001265911,4001761814,,3000000049704,,193,{864C6447-30BF-413E-9D98-1A6C565AA998},6/28/2018,,U80016139,NT,FACT,,,,5/20/2021,11:12:21 AM,0,S,GULSHAN-MGR,11/22/2023,11:24:34 AM,,4002370797,4002370798,,,,,,0,0,,,,,,,,,
FEEDER,194,DN01,FDR-000194,,132,AO_GP,M,AZIZ INDUSTRIES,4000,DN-CAB-01,194,C-G,,OCR-GUL,,304.5,,B,,,,03,,,,,OCR-GUL,DN-E048-01-SW8,DN_FFL,,FEEDER,,,,,,,4001265405,4001265912,4001761815,,3000000095497,,000194,{A3E9F0E4-3FC6-48FE-A07A-A9DAD8F6A62D},10/5/2018,,U80016139,FA,FACT,,,,,12:00:00 AM,0,S,,,12:00:00 AM,,,,,,,,,0,0,,,,,,,,,
FEEDER,195,DN01,FDR-000195,,132,AO_GP,M,ABBAS SQUARE,4000,DN-CAB-01,195,C-G,,OCR-GUL,,304,,B,,,,03,,,,,OCR-GUL,DN-E012-02-SW73,DN_FFL,,FEEDER,,,,,,,4001265406,4001265913,4001761816,,3000000049706,,195,{6ACAB860-665E-41A5-9133-6531332E99EC},10/5/2018,,U80016139,FA,FACT,,,,6/8/2023,3:12:45 PM,0,S,GULSHAN-MGR,6/8/2023,3:12:43 PM,,4002726525,4002726526,,,,,,0,0,,,,,,,,,
FEEDER,196,DN01,FDR-000196,,132,AO_GP,M,R. I. G.,4000,DN-CAB-01,196,C-G,,OCR-GUL,,304,,B,,,,03,,,,,OCR-GUL,DN-E012-02-SW79,DN_FFL,,FEEDER,,,,,,,4001265407,4001265914,4001761817,,3000000049707,,196,{E0A46AD4-FA24-4E97-B510-8078EC6D2B09},6/28/2018,,U80016139,NT,FACT,,,,6/8/2023,3:19:01 PM,0,S,GULSHAN-MGR,6/8/2023,3:19:01 PM,,4002769007,4002769008,,,,,,0,0,,,,,,,,,
FEEDER,197,DN01,FDR-000197,,132,AO_GP,M,KMC WATER PUMP,4000,DN-CAB-01,197,C-G,,OCR-GUL,,304.5,,B,,,,03,,,,,OCR-GUL,DN-E012-01-SW48,DN_FFL,,FEEDER,,,,,,,4001265408,4001265915,4001761818,,3000000049708,,197,{82A7BA53-458B-4FC0-87AF-3DAD58CC238C},6/28/2018,,U80016139,NT,FACT,,,,,12:00:00 AM,0,S,,,12:00:00 AM,,,,,,,,,0,0,,,,,,,,,
FEEDER,205,DN01,FDR-000205,,132,AO_GP,M,UBL SPORTS,4000,DN-CAB-01,205,C-G,,OCR-GUL,,304,,B,,,,03,,,,,OCR-GUL,DN-E012-02-SW78,DN_FFL,,FEEDER,,,,,,,4001265410,4001265917,4001761819,,3000000049710,,205,{4523D507-36C6-42B2-AD7F-9D15FE925D37},6/28/2018,,U80016139,NT,FACT,,,,6/8/2023,3:13:48 PM,0,S,GULSHAN-MGR,6/8/2023,3:13:46 PM,,4002768994,4002768995,,,,,,0,0,,,,,,,,,
FEEDER,206,DN01,FDR-000206,,132,AO_GP,M,RUQAIYYA SQUARE (ALI ABAD),4000,DN-CAB-01,206,C-G,,OCR-GUL,,304.5,,B,,,,03,,,,,OCR-GUL,DN-E012-01-SW53,DN_FFL,,FEEDER,,,,,,,4001265411,4001265918,4001761820,,3000000049711,,206,{846140A8-FF60-4FE8-893D-9CEDD0AFF04B},6/28/2018,,U80016139,NT,FACT,,,,,12:00:00 AM,0,S,,,12:00:00 AM,,,,,,,,,0,0,,,,,,,,,
FEEDER,208,DN01,FDR-000208,,132,AO_GP,M,AYUB MANZIL,4000,DN-CAB-01,208,C-G,,OCR-GUL,,304,,B,,,,03,,,,,OCR-GUL,DN-E012-02-SW63,DN_FFL,,FEEDER,,,,,,,4001265413,4001265920,4001761821,,3000000049713,,208,{EB70476B-7BBC-46A3-9CA0-F7A37FA8D510},6/28/2018,,U80016139,NT,FACT,,,,8/16/2021,2:17:39 PM,0,S,GULSHAN-MGR,6/8/2023,6:16:19 PM,,4002427744,4002427745,,,,,,0,0,,,,,,,,,
FEEDER,216,DN01,FDR-000216,,132,AO_GP,M,ANCHOLI SOCIETY- TESTING OMS,4000,DN-CAB-01,216,C-G,,OCR-GUL,,304,,B,,,,03,,,,,OCR-GUL,DN-E012-02-SW30,DN_FFL,,FEEDER,,,,,,,4001265419,4001265926,4001761823,,3000000049719,,216,{D1EADFA4-E1F9-47BC-8497-231A599709D9},6/28/2018,,U80016139,NT,FACT,,,,,12:00:00 AM,0,S,U80013872,1/9/2025,11:44:39 AM,,,,,,,,,0,0,,,,,,,,,
FEEDER,217,DN01,FDR-000217,,132,AO_GP,M,EDHI HOME (OLD MAYMAR HOUSING),4000,DN-CAB-01,217,C-G,,OCR-GUL,,304.5,,B,,,,03,,,,,OCR-GUL,DN-E012-01-SW56,DN_FFL,,FEEDER,,,,,,,4001265420,4001265927,4001761824,,3000000049720,,217,{EE3AF8BB-2C82-403D-ABC4-8ADF79DF9213},6/28/2018,,U80016139,NT,FACT,,,,,12:00:00 AM,0,S,,,12:00:00 AM,,,,,,,,,0,0,,,,,,,,,
FEEDER,218,DN01,FDR-000218,,132,AO_GP,M,COSMOS PLAZA,4000,DN-CAB-01,218,C-G,,OCR-GUL,,304,,B,,,,03,,,,,OCR-GUL,DN-E012-02-SW71,DN_FFL,,FEEDER,,,,,,,4001265421,4001265928,4001761825,,3000000049721,,218,{2ADD0F38-3C27-4C37-9C75-B35A590A5FC2},6/28/2018,,U80016139,NT,FACT,,,,7/6/2023,1:39:06 PM,0,S,GULSHAN-MGR,8/16/2023,5:02:12 PM,,4002778916,4002778917,,,,,,0,0,,,,,,,,,
FEEDER,220,DN01,FDR-000220,,132,AO_GP,M,EASTERN SERVICES,4000,DN-CAB-01,220,C-G,,OCR-GUL,,304,,B,,,,03,,,,,OCR-GUL,DN-E012-04-SW38,DN_FFL,,FEEDER,,,,,,,4001265422,4001265929,4001761826,,3000000049722,,220,{F66E2225-E0CA-4C26-876E-C3A108B05332},6/28/2018,,U80016139,NT,FACT,,,,7/10/2023,2:25:55 PM,0,S,GULSHAN-MGR,7/11/2023,11:32:37 AM,,4002780095,4002780096,,,,,,0,0,,,,,,,,,
FEEDER,221,DN01,FDR-000221,,132,AO_GP,M,M. IQBAL,4000,DN-CAB-01,221,C-G,,OCR-GUL,,304.5,,B,,,,03,,,,,OCR-GUL,DN-E012-02-SW25,DN_FFL,,FEEDER,,,,,,,4001265423,4001265930,4001761827,,3000000049723,,221,{7F12F74D-CEFF-44E1-9148-08D30F3B1D63},6/28/2018,,U80016139,NT,FACT,,,,,12:00:00 AM,0,S,,,12:00:00 AM,,,,,,,,,0,0,,,,,,,,,
FEEDER,222,DN01,FDR-000222,,132,AO_GP,M,PROGRASSIVE,4000,DN-CAB-01,222,C-G,,OCR-GUL,,304,,B,,,,03,,,,,OCR-GUL,DN-E012-02-SW76,DN_FFL,,FEEDER,,,,,,,4001265424,4001265931,4001761828,,3000000049724,,222,{2B88525C-480A-4FB4-9EEF-26EFEF5C7060},6/28/2018,,U80016139,NT,FACT,,,,6/8/2023,3:17:44 PM,0,S,GULSHAN-MGR,6/8/2023,3:17:43 PM,,4002769005,4002769006,,,,,,0,0,,,,,,,,,
FEEDER,223,DN01,FDR-000223,,132,AO_GP,M,RELAX APPARTMENT,4000,DN-CAB-01,223,C-G,,OCR-GUL,,304,,B,,,,03,,,,,OCR-GUL,DN-E012-02-SW75,DN_FFL,,FEEDER,,,,,,,4001265425,4001265932,4001761829,,3000000049725,,223,{147327C6-E9F4-47C6-A34E-A220D16B99DB},6/28/2018,,U80016139,NT,FACT,,,,6/8/2023,3:15:13 PM,0,S,GULSHAN-MGR,6/8/2023,3:15:12 PM,,4002768998,4002769000,,,,,,0,0,,,,,,,,,
FEEDER,224,DN01,FDR-000224,,132,AO_GP,M,NASEERABAD (K.ACADEMY),4000,DN-CAB-01,224,C-G,,OCR-GUL,,304,,B,,,,03,,,,,OCR-GUL,DN-E012-02-SW77,DN_FFL,,FEEDER,,,,,,,4001265426,4001265933,4001761385,,3000000049726,,224,{7F715C4E-7D9B-414D-80DF-2FE5A4EB4923},10/5/2018,,U80016139,FA,FACT,,,,6/8/2023,3:16:29 PM,0,S,GULSHAN-MGR,6/8/2023,3:16:28 PM,,4002769002,4002769003,,,,,,0,0,,,,,,,,,
FEEDER,298,DN01,FDR-000298,,123,AO_GP,M,TIME SQUARE,4000,DN-CAB-01,298,C-G,,OCR-GUL,,304.5,,B,,,,16,,,,,OCR-GUL,DN-E077-01-SW3,DN_FFL,,FEEDER,,,,,,,4001265944,4001265935,4001761230,,3000000049728,,298,{AB353BEA-FFE0-487D-957F-03552D6F766B},6/28/2018,,U80016139,NT,FACT,,,,,12:00:00 AM,0,S,,,12:00:00 AM,,,,,,,,,0,0,,,,,,,,,
FEEDER,315,DN01,FDR-000315,,123,AO_GP,M,GULSHAN GULSHAN,4000,DN-CAB-01,315,C-G,,OCR-GUL,,304.5,,B,,,,16,,,,,OCR-GUL,DN-E018-01-SW3,DN_FFL,,FEEDER,,,,,,,4001265945,4001265936,4001761231,,3000000049729,,000315,{E511BE58-4647-41DF-AE92-0F1ADA36557F},6/28/2018,,U80016139,NT,FACT,,,,,12:00:00 AM,0,D,,,12:00:00 AM,,,,,,,,,0,0,,,,,,,,,
FEEDER,316,DN01,FDR-000316,,123,AO_GP,M,ORIENT BUILDERS,4000,DN-CAB-01,316,C-G,,OCR-GUL,,304.5,,B,,,,16,,,,,OCR-GUL,DN-E018-02-SW14,DN_FFL,,FEEDER,,,,,,,4001265946,4001265937,4001761232,,3000000049730,,316,{0DCBF2B5-E68D-49E4-94BC-9FE08B809159},6/28/2018,,U80016139,NT,FACT,,,,3/29/2022,4:23:42 PM,0,S,GULSHAN-MGR,3/29/2022,4:24:06 PM,,,,,,,,,0,0,,,,,,,,,
FEEDER,317,DN01,FDR-000317,,123,AO_GP,M,NURSERY,4000,DN-CAB-01,317,C-G,,OCR-GUL,,304.5,,B,,,,16,,,,,OCR-GUL,DN-E018-04-SW48,DN_FFL,,FEEDER,,,,,,,4001265947,4001265938,4001761233,,3000000049731,,000317,{1D55B0B5-CEF6-40C5-9161-D94FCB2A322D},6/28/2018,,U80016139,NT,FACT,,,,3/30/2022,11:19:24 AM,0,S,GULSHAN-MGR,3/30/2022,11:19:24 AM,,4002286332,4002286333,,,,,,0,0,,,,,,,,,
FEEDER,318,DN01,FDR-000318,,123,AO_GP,M,URDU COLLEGE,4000,DN-CAB-01,318,C-G,,OCR-GUL,,304.5,,B,,,,16,,,,,OCR-GUL,DN-E018-01-SW9,DN_FFL,,FEEDER,,,,,,,4001265948,4001265939,4001761234,,3000000049732,,318,{634A57E8-3A62-45D8-991E-B5732DBF43C6},6/28/2018,,U80016139,NT,FACT,,,,3/29/2022,2:04:33 PM,0,D,GULSHAN-MGR,3/29/2022,2:05:23 PM,,,,,,,,,0,0,,,,,,,,,
FEEDER,320,DN01,FDR-000320,,123,AO_GP,M,NATIONAL STADIUM,4000,DN-CAB-01,320,C-G,,OCR-GUL,,304.5,,B,,,,16,,,,,OCR-GUL,DN-E018-02-SW19,DN_FFL,,FEEDER,,,,,,,4001280931,4001282221,4001761235,,3000000065145,,320,{7CC8B05D-981E-4EEA-8BC9-02075C02FD28},6/28/2018,,U80016139,NT,FACT,,,,3/29/2022,4:45:53 PM,0,D,GULSHAN-MGR,3/29/2022,4:46:39 PM,,,,,,,,,0,0,,,,,,,,,
FEEDER,323,DN01,FDR-000323,,123,AO_GP,M,NCHS,4000,DN-CAB-01,323,C-G,,OCR-GUL,,304.5,,B,,,,16,,,,,OCR-GUL,DN-E018-02-SW28,DN_FFL,,FEEDER,,,,,,,4001265949,4001265940,4001761236,,3000000049733,,323,{CA4ADC66-5666-46C3-8208-E9DB9F64B548},6/28/2018,,U80016139,NT,FACT,,,,3/29/2022,5:16:21 PM,0,S,GULSHAN-MGR,3/29/2022,5:16:51 PM,,,,,,,,,0,0,,,,,,,,,
FEEDER,324,DN01,FDR-000324,,123,AO_GP,M,FARAN CLUB,4000,DN-CAB-01,324,C-G,,OCR-GUL,,304.5,,B,,,,16,,,,,OCR-GUL,DN-E018-01-SW12,DN_FFL,,FEEDER,,,,,,,4001280933,4001282223,4001761237,,3000000097648,,000324,{782F5002-437D-4695-B594-F9BD72F4BC65},10/5/2018,,U80016139,FA,FACT,,,,3/29/2022,2:28:56 PM,0,S,GULSHAN-MGR,3/29/2022,2:29:41 PM,,,,,,,,,0,0,,,,,,,,,
FEEDER,325,DN01,FDR-000325,,123,AO_GP,M,KHURSHEED HOMES,4000,DN-CAB-01,325,C-G,,OCR-GUL,,304.5,,B,,,,16,,,,,OCR-GUL,DN-E018-01-SW1,DN_FFL,,FEEDER,,,,,,,4001265950,4001265941,4001761238,,3000000049734,,325,{D9928469-CBF7-4FC1-90FC-4278BB437B12},6/28/2018,,U80016139,NT,FACT,,,,2/10/2021,4:24:04 PM,0,D,GULSHAN-MGR,2/10/2021,4:25:05 PM,,,,,,,,,0,0,,,,,,,,,
FEEDER,326,DN01,FDR-000326,,123,AO_GP,M,EXHIBITION,4000,DN-CAB-01,326,C-G,,OCR-GUL,,304.5,,B,,,,16,,,,,OCR-GUL,DN-E018-02-SW22,DN_FFL,,FEEDER,,,,,,,4001265951,4001265942,4001761239,,3000000049735,,326,{24ADA510-D0A9-41B8-A280-A02A29CECBC4},6/28/2018,,U80016139,NT,FACT,,,,3/29/2022,5:12:40 PM,0,S,GULSHAN-MGR,3/29/2022,5:13:08 PM,,,,,,,,,0,0,,,,,,,,,
FEEDER,327,DN01,FDR-000327,,123,AO_GP,M,AZIZ BHATTI,4000,DN-CAB-01,327,C-G,,OCR-GUL,,304.5,,B,,,,16,,,,,OCR-GUL,DN-E018-01-SW3,DN_FFL,,FEEDER,,,,,,,4001265952,4001265943,4001761240,,3000000049736,,000327,{334944F5-8B3F-4D24-8B71-04C79D29DA2F},6/28/2018,,U80016139,NT,FACT,,,,,12:00:00 AM,0,D,,,12:00:00 AM,,,,,,,,,0,0,,,,,,,,,
FEEDER,328,DN01,FDR-000328,,123,AO_GP,M,COD HILLS,4000,DN-CAB-01,328,C-G,,OCR-GUL,,304.5,,B,,,,16,,,,,OCR-GUL,DN-E018-02-SW16,DN_FFL,,FEEDER,,,,,,,4001265953,4001266360,4001761241,,3000000049737,,328,{B7793C4D-D3C0-456C-8119-39F24957ADE0},6/28/2018,,U80016139,NT,FACT,,,,3/29/2022,4:35:37 PM,0,S,GULSHAN-MGR,3/29/2022,4:36:19 PM,,,,,,,,,0,0,,,,,,,,,
FEEDER,329,DN01,FDR-000329,,123,AO_GP,M,MUJAHID COLONY (NATIONAL CEMENT),4000,DN-CAB-01,329,C-G,,OCR-GUL,,304.5,,B,,,,16,,,,,OCR-GUL,DN-E018-02-SW32,DN_FFL,,FEEDER,,,,,,,4001265954,4001266361,4001761242,,3000000049738,,329,{6C4C7BFC-8B2E-4C27-8B98-5229E6A3111F},6/28/2018,,U80016139,NT,FACT,,,,3/29/2022,5:48:41 PM,0,S,GULSHAN-MGR,3/29/2022,5:49:58 PM,,,,,,,,,0,0,,,,,,,,,
FEEDER,330,DN01,FDR-000330,,123,AO_GP,M,SHAMOONABAD,4000,DN-CAB-01,330,C-G,,OCR-GUL,,304,,B,,,,0016,,,,,OCR-GUL,DN-E018-02-SW21,DN_FFL,,FEEDER,,,,,,,4001265955,4001266362,4001761243,,3000000049739,,330,{18522C60-BCF1-494D-B735-7225996F74AE},6/28/2018,,U80016139,NT,FACT,,,,3/29/2022,5:06:51 PM,0,S,GULSHAN-MGR,6/13/2023,3:55:05 PM,,,,,,,,,0,0,,,,,,,,,
FEEDER,331,DN01,FDR-000331,,123,AO_GP,M,HOLLY WOOD,4000,DN-CAB-01,331,C-G,,OCR-GUL,,304.5,,B,,,,16,,,,,OCR-GUL,DN-E018-02-SW19,DN_FFL,,FEEDER,,,,,,,4001280934,4001282224,4001761244,,3000000065148,,331,{B23E21F6-954B-4EE1-978B-43080848D744},6/28/2018,,U80016139,NT,FACT,,,,3/29/2022,4:54:46 PM,0,D,GULSHAN-MGR,3/29/2022,4:56:41 PM,,,,,,,,,0,0,,,,,,,,,
FEEDER,333,DN01,FDR-000333,,123,AO_GP,M,E. P. B.,4000,DN-CAB-01,333,C-G,,OCR-GUL,,304.5,,B,,,,16,,,,,OCR-GUL,DN-E018-04-SW59,DN_FFL,,FEEDER,,,,,,,4001265956,4001266363,4001761245,,3000000049740,,000333,{F06A658B-4549-43C9-B892-7BE7AB6DB6B1},6/28/2018,,U80016139,NT,FACT,,,,3/30/2022,1:09:44 PM,0,S,GULSHAN-MGR,3/30/2022,1:10:42 PM,,,,,,,,,0,0,,,,,,,,,
FEEDER,334,DN01,FDR-000334,,123,AO_GP,M,SHANTI NAGAR,4000,DN-CAB-01,334,C-G,,OCR-GUL,,304.5,,B,,,,16,,,,,OCR-GUL,DN-E018-02-SW20,DN_FFL,,FEEDER,,,,,,,4001265957,4001266364,4001761246,,3000000049741,,334,{E3543877-53F4-4039-BCE7-5C00EC97282C},6/28/2018,,U80016139,NT,FACT,,,,3/29/2022,4:49:56 PM,0,S,GULSHAN-MGR,3/29/2022,4:50:36 PM,,,,,,,,,0,0,,,,,,,,,
FEEDER,335,DN01,FDR-000335,,123,AO_GP,M,NIPA PUMPING,4000,DN-CAB-01,335,C-G,,OCR-GUL,,304.5,,B,,,,16,,,,,OCR-GUL,DN-E018-02-SW15,DN_FFL,,FEEDER,,,,,,,4001265958,4001266365,4001761247,,3000000049742,,335,{9D8F9EAD-CAAB-4BB4-8BA1-3AB253F8C752},6/28/2018,,U80016139,NT,FACT,,,,3/29/2022,4:29:46 PM,0,S,GULSHAN-MGR,3/29/2022,4:30:32 PM,,,,,,,,,0,0,,,,,,,,,
FEEDER,338,DN01,FDR-000338,,123,AO_GP,M,PARKWALA,4000,DN-CAB-01,338,C-G,,OCR-GUL,,304.5,,B,,,,16,,,,,OCR-GUL,DN-E018-03-SW43,DN_FFL,,FEEDER,,,,,,,4001265959,4001266366,4001761248,,3000000049743,,338,{BD419D45-503A-4555-8767-C8272C2EBB8D},6/28/2018,,U80016139,NT,FACT,,,,3/30/2022,10:54:10 AM,0,D,GULSHAN-MGR,3/30/2022,10:57:37 AM,,,,,,,,,0,0,,,,,,,,,
FEEDER,339,DN01,FDR-000339,,123,AO_GP,M,AL-AZMAT,4000,DN-CAB-01,339,C-G,,OCR-GUL,,304.5,,B,,,,16,,,,,OCR-GUL,DN-E018-03-SW43,DN_FFL,,FEEDER,,,,,,,4001265960,4001266367,4001761249,,3000000049744,,339,{256D0087-8471-44F8-A310-5BE1A02E4241},6/28/2018,,U80016139,NT,FACT,,,,3/30/2022,11:04:27 AM,0,D,GULSHAN-MGR,3/30/2022,11:04:54 AM,,,,,,,,,0,0,,,,,,,,,
FEEDER,340,DN01,FDR-000340,,123,AO_GP,M,ALLADIN PARK,4000,DN-CAB-01,340,C-G,,OCR-GUL,,304.5,,B,,,,16,,,,,OCR-GUL,DN-E018-03-SW45,DN_FFL,,FEEDER,,,,,,,4001265961,4001266368,4001761250,,3000000049745,,340,{ADD3D63F-D03E-41C0-99E2-D27EF5A95FF2},6/28/2018,,U80016139,NT,FACT,,,,3/30/2022,10:50:12 AM,0,D,GULSHAN-MGR,3/30/2022,10:50:41 AM,,,,,,,,,0,0,,,,,,,,,
FEEDER,343,DN01,FDR-000343,,123,AO_GP,M,LUCKY CENTER,4000,DN-CAB-01,343,C-G,,OCR-GUL,,304.5,,B,,,,16,,,,,OCR-GUL,DN-E018-03-SW42,DN_FFL,,FEEDER,,,,,,,4001265962,4001266369,4001761251,,3000000049746,,343,{E8CBD0CE-B0AD-46EA-89B7-31ACCCDA5839},6/28/2018,,U80016139,NT,FACT,,,,3/30/2022,10:40:52 AM,0,S,GULSHAN-MGR,3/30/2022,10:41:48 AM,,,,,,,,,0,0,,,,,,,,,
FEEDER,344,DN01,FDR-000344,,132,AO_GP,M,KOHISTAN BUILDER (GUL-SHAMIM),4000,DN-CAB-01,344,C-G,,OCR-GUL,,304.5,,B,,,,03,,,,,OCR-GUL,DN-E075-02-SWK28,DN_FFL,,FEEDER,,,,,,,4001265963,4001266370,4001761830,,3000000049747,,344,{210E359C-08D6-4F88-A232-5E619507C891},6/28/2018,,U80016139,NT,FACT,,,,,12:00:00 AM,0,S,,,12:00:00 AM,,,,,,,,,0,0,,,,,,,,,
FEEDER,346,DN01,FDR-000346,,123,AO_GP,M,TRAINING CENTER,4000,DN-CAB-01,346,C-G,,OCR-GUL,,304.5,,B,,,,16,,,,,OCR-GUL,DN-E018-04-SW51,DN_FFL,,FEEDER,,,,,,,4001265964,4001266371,4001761252,,3000000049748,,346,{AA8AC406-96C4-43F1-AD41-EDF397DF619E},6/28/2018,,U80016139,NT,FACT,,,,3/30/2022,11:29:14 AM,0,S,GULSHAN-MGR,3/30/2022,11:29:40 AM,,,,,,,,,0,0,,,,,,,,,
FEEDER,347,DN01,FDR-000347,,123,AO_GP,M,AL-NAJEEB,4000,DN-CAB-01,347,C-G,,OCR-GUL,,304.5,,B,,,,16,,,,,OCR-GUL,DN-E018-04-SW62,DN_FFL,,FEEDER,,,,,,,4001265965,4001266372,4001761253,,3000000049749,,347,{91AF1004-C406-4B9E-B2EB-9EC3C27CBFD0},6/28/2018,,U80016139,NT,FACT,,,,3/30/2022,12:47:37 PM,0,S,GULSHAN-MGR,3/30/2022,12:48:24 PM,,,,,,,,,0,0,,,,,,,,,
FEEDER,348,DN01,FDR-000348,,123,AO_GP,M,SULEMAN PLAZA,4000,DN-CAB-01,348,C-G,,OCR-GUL,,304.5,,B,,,,16,,,,,OCR-GUL,DN-E018-04-SW61,DN_FFL,,FEEDER,,,,,,,4001265966,4001266373,4001761254,,3000000049750,,000348,{57915AC1-6765-43E7-B161-6BBD5F007A16},6/28/2018,,U80016139,NT,FACT,,,,3/30/2022,11:45:33 AM,0,S,GULSHAN-MGR,3/30/2022,11:45:33 AM,,4002286334,4002286385,,,,,,0,0,,,,,,,,,
FEEDER,350,DN01,FDR-000350,,123,AO_GP,M,SAIMA CLASSIC,4000,DN-CAB-01,350,C-G,,OCR-GUL,,304.5,,B,,,,16,,,,,OCR-GUL,DN-E018-04-SW66,DN_FFL,,FEEDER,,,,,,,4001265967,4001266374,4001761255,,3000000097750,,000350,{98D22949-2EDB-4052-97CA-E0976E022E1F},10/5/2018,,U80016139,FA,FACT,,,,3/30/2022,1:02:16 PM,0,S,GULSHAN-MGR,3/30/2022,1:02:51 PM,,,,,,,,,0,0,,,,,,,,,
FEEDER,351,DN01,FDR-000351,,123,AO_GP,M,ASIF & ZAFAR,4000,DN-CAB-01,351,C-G,,OCR-GUL,,304.5,,B,,,,16,,,,,OCR-GUL,DN-E018-04-SW63,DN_FFL,,FEEDER,,,,,,,4001265968,4001266375,4001761256,,3000000049752,,351,{1CF6EE65-1256-4C66-BDDE-1F1CD58E6A12},6/28/2018,,U80016139,NT,FACT,,,,3/30/2022,12:53:18 PM,0,S,GULSHAN-MGR,3/30/2022,12:54:00 PM,,,,,,,,,0,0,,,,,,,,,
FEEDER,353,DN01,FDR-000353,,123,AO_GP,M,GUL.TEL. EXCHANGE,4000,DN-CAB-01,353,C-G,,OCR-GUL,,304.5,,B,,,,16,,,,,OCR-GUL,DN-E018-02-SW29,DN_FFL,,FEEDER,,,,,,,4001265969,4001266376,4001761257,,3000000049753,,353,{26FEAA8B-6A3C-4400-992D-35EE9A1D0B3B},6/28/2018,,U80016139,NT,FACT,,,,3/29/2022,5:40:54 PM,0,S,GULSHAN-MGR,3/29/2022,5:41:42 PM,,,,,,,,,0,0,,,,,,,,,
FEEDER,539,DN01,FDR-000539,,136,AO_GP,M,GULBAHAR,4000,DN-CAB-01,539,C-G,,OCR-GUL,,304.5,,B,,,,30,,,,,OCR-GUL,DN-E027-02-SW41,DN_FFL,,FEEDER,,,,,,,4001265970,4001266377,4001762006,,3000000097817,,000539,{5FE0819F-7668-48AB-A429-8C16D6CAEB4A},6/28/2018,,U80016139,NT,FACT,,,,,12:00:00 AM,0,S,,,12:00:00 AM,,,,,,,,,0,0,,,,,,,,,
FEEDER,540,DN01,FDR-000540,,136,AO_GP,M,NAZIMABAD 4,4000,DN-CAB-01,540,C-G,,OCR-GUL,,304.5,,B,,,,30,,,,,OCR-GUL,DN-E027-01-SW19,DN_FFL,,FEEDER,,,,,,,4001265971,4001266378,4001762007,,3000000049755,,540,{ADDBBB27-132F-44A9-8944-2AC0073CBF99},6/28/2018,,U80016139,NT,FACT,,,,1/18/2023,11:01:16 AM,0,S,GULSHAN-MGR,1/18/2023,11:01:51 AM,,,,,,,,,0,0,,,,,,,,,
FEEDER,541,DN01,FDR-000541,,136,AO_GP,M,LIBERTY CINEMA,4000,DN-CAB-01,541,C-G,,OCR-GUL,,304.5,,B,,,,30,,,,,OCR-GUL,DN-E027-02-SW46,DN_FFL,,FEEDER,,,,,,,4001265972,4001266379,4001762008,,3000000049756,,000541,{C2BB62BE-EE3E-484C-BB3D-71673B5ECB51},6/28/2018,,U80016139,NT,FACT,,,,1/31/2022,10:47:03 AM,0,S,GULSHAN-MGR,1/31/2022,10:52:16 AM,,,,,,,,,0,0,,,,,,,,,
FEEDER,542,DN01,FDR-000542,,136,AO_GP,M,GOL MARKET (OLD NAZIMABAD-3),4000,DN-CAB-01,542,C-G,,OCR-GUL,,304.5,,B,,,,30,,,,,OCR-GUL,DN-E027-02-SW39,DN_FFL,,FEEDER,,,,,,,4001265973,4001266380,4001762009,,3000000049757,,000542,{80B75D36-CF13-47E0-9C37-8D492A42E09D},6/28/2018,,U80016139,NT,FACT,,,,,12:00:00 AM,0,S,,,12:00:00 AM,,,,,,,,,0,0,,,,,,,,,
FEEDER,543,DN01,FDR-000543,,127,AO_GP,M,TIMBER MARKET,4000,DN-CAB-01,543,C-G,,OCR-GUL,,304.5,,B,,,,12,,,,,OCR-GUL,DN-E027-02-SW36,DN_FFL,,FEEDER,,,,,,,4001265974,4001266381,4001761386,,3000000097818,,000543,{C4DF6FD8-AA71-4AAE-9380-BE9DB65B9F67},6/28/2018,,U80016139,NT,FACT,,,,,12:00:00 AM,0,S,,,12:00:00 AM,,,,,,,,,0,0,,,,,,,,,
FEEDER,544,DN01,FDR-000544,,127,AO_GP,M,PWD PUMPING-2,4000,DN-CAB-01,544,C-G,,OCR-GUL,,304.5,,B,,,,12,,,,,OCR-GUL,DN-E027-02-SW33,DN_FFL,,FEEDER,,,,,,,4001265975,4001266382,4001761387,,3000000049759,,000544,{AC0822F2-D06D-439E-A2B2-5DB6825416B5},6/28/2018,,U80016139,NT,FACT,,,,,12:00:00 AM,0,S,,,12:00:00 AM,,,,,,,,,0,0,,,,,,,,,
FEEDER,545,DN01,FDR-000545,,127,AO_GP,M,SUPER MARKET,4000,DN-CAB-01,545,C-G,,OCR-GUL,,304.5,,B,,,,12,,,,,OCR-GUL,DN-E027-02-SW45,DN_FFL,,FEEDER,,,,,,,4001265976,4001266383,4001761388,,3000000049760,,000545,{D70BC047-CD42-4D4A-8D68-76BB45660A8A},6/28/2018,,U80016139,NT,FACT,,,,,12:00:00 AM,0,S,,,12:00:00 AM,,,,,,,,,0,0,,,,,,,,,
FEEDER,546,DN01,FDR-000546,,127,AO_GP,M,REHMANIA,4000,DN-CAB-01,546,C-G,,OCR-GUL,,304.5,,B,,,,12,,,,,OCR-GUL,DN-E027-01-SW12,DN_FFL,,FEEDER,,,,,,,4001266393,4001266384,4001761389,,3000000049761,,546,{9DCCE18C-B2BB-4730-8478-583442F1687C},6/28/2018,,U80016139,NT,FACT,,,,1/18/2023,10:49:45 AM,0,S,GULSHAN-MGR,1/18/2023,10:50:46 AM,,,,,,,,,0,0,,,,,,,,,
FEEDER,547,DN01,FDR-000547,,127,AO_GP,M,AL-KARAM,4000,DN-CAB-01,547,C-G,,OCR-GUL,,304.5,,B,,,,12,,,,,OCR-GUL,DN-E027-02-SW32,DN_FFL,,FEEDER,,,,,,,4001266394,4001266385,4001761390,,3000000049762,,000547,{1DC5523C-4402-41EC-8C2F-4490065C1CA3},6/28/2018,,U80016139,NT,FACT,,,,,12:00:00 AM,0,S,,,12:00:00 AM,,,,,,,,,0,0,,,,,,,,,
FEEDER,548,DN01,FDR-000548,,127,AO_GP,M,ZEENAT (ERUM CENTER),4000,DN-CAB-01,548,C-G,,OCR-GUL,,304.5,,B,,,,12,,,,,OCR-GUL,DN-E027-01-SW4,DN_FFL,,FEEDER,,,,,,,4001266395,4001266386,4001761391,,3000000094889,,000548,{55A76BA6-F387-4C12-8755-2AEA4EB44380},6/28/2018,,U80016139,NT,FACT,,,,,12:00:00 AM,0,S,,,12:00:00 AM,,,,,,,,,0,0,,,,,,,,,
FEEDER,549,DN01,FDR-000549,,127,AO_GP,M,GOLDEN STAR,4000,DN-CAB-01,549,C-G,,OCR-GUL,,304.5,,B,,,,12,,,,,OCR-GUL,DN-E027-02-SW44,DN_FFL,,FEEDER,,,,,,,4001266396,4001266387,4001761392,,3000000097816,,000549,{87CE091A-43B8-4025-8179-C4E145298C48},6/28/2018,,U80016139,NT,FACT,,,,,12:00:00 AM,0,S,,,12:00:00 AM,,,,,,,,,0,0,,,,,,,,,
FEEDER,550,DN01,FDR-000550,,127,AO_GP,M,ILYAS GOTH,4000,DN-CAB-01,550,C-G,,OCR-GUL,,304.5,,B,,,,12,,,,,OCR-GUL,DN-E027-01-SW10,DN_FFL,,FEEDER,,,,,,,4001262877,4001266388,4001761393,,3000000094890,,000550,{462C11D0-8B6C-46BA-A37C-EFEC2EBC6585},10/5/2018,,U80016139,FA,FACT,,,,,12:00:00 AM,0,S,GULSHAN-MGR,5/21/2021,9:44:12 AM,,4002372024,4002372025,,,,,,0,0,,,,,,,,,
FEEDER,551,DN01,FDR-000551,,132,AO_GP,M,SHAKEEL CORPORATION(OLD MOOSA COLONY),4000,DN-CAB-01,551,C-G,,OCR-GUL,,304.5,,B,,,,0003,,,,,OCR-GUL,DN-E027-01-SW14,DN_FFL,,FEEDER,,,,,,,4001262878,4001266389,4001761394,,3000000093026,,000551,{1285CA7F-DFC4-4BF6-992B-EB9301FFED78},6/28/2018,,U80016139,NT,FACT,,,,1/18/2023,10:54:00 AM,0,S,GULSHAN-MGR,1/18/2023,10:54:00 AM,,4002710209,4002710210,,,,,,0,0,,,,,,,,,
FEEDER,552,DN01,FDR-000552,,127,AO_GP,M,CAFÉ MILAT (NAIRANG CINEMA),4000,DN-CAB-01,552,C-G,,OCR-GUL,,304.5,,B,,,,12,,,,,OCR-GUL,DN-E027-01-SW17,DN_FFL,,FEEDER,,,,,,,4001262879,4001266390,4001761395,,3000000049767,,552,{10D2879A-EAB0-48DE-9AB2-1D8F85CE4769},6/28/2018,,U80016139,NT,FACT,,,,1/18/2023,10:58:32 AM,0,S,GULSHAN-MGR,1/18/2023,10:58:32 AM,,4002710211,4002710212,,,,,,0,0,,,,,,,,,
FEEDER,553,DN01,FDR-000553,,136,AO_GP,M,AL-MURTAZA,4000,DN-CAB-01,553,C-G,,OCR-GUL,,304.5,,B,,,,30,,,,,OCR-GUL,DN-E027-03-SW30,DN_FFL,,FEEDER,,,,,,,4001262880,4001266391,4001762010,,3000000049768,,553,{B73128D2-EBD5-4076-8E17-6828F8B7AC45},6/28/2018,,U80016139,NT,FACT,,,,,12:00:00 AM,0,S,,,12:00:00 AM,,,,,,,,,0,0,,,,,,,,,
FEEDER,554,DN01,FDR-000554,,127,AO_GP,M,BHORAY KHAN,4000,DN-CAB-01,554,C-G,,OCR-GUL,,304.5,,B,,,,12,,,,,OCR-GUL,DN-E027-01-SW7,DN_FFL,,FEEDER,,,,,,,4001262881,4001266392,4001761396,,3000000049769,,000554,{5328AE02-09D7-450B-90C1-A51BE40254AF},6/28/2018,,U80016139,NT,FACT,,,,,12:00:00 AM,0,S,,,12:00:00 AM,,,,,,,,,0,0,,,,,,,,,
FEEDER,555,DN01,FDR-000555,,127,AO_GP,M,NAIRING CINEMA (OLD SIRAJUDDULLAH),4000,DN-CAB-01,555,C-G,,OCR-GUL,,304.5,,B,,,,12,,,,,OCR-GUL,DN-E027-03-SW29,DN_FFL,,FEEDER,,,,,,,4001262882,4001262844,4001761397,,3000000088007,,000555,{FCD22BDA-50FB-4D34-81CD-00074E7E4BC0},6/28/2018,,U80016139,NT,FACT,,,,,12:00:00 AM,0,S,,,12:00:00 AM,,,,,,,,,0,0,,,,,,,,,
FEEDER,556,DN01,FDR-000556,,132,AO_GP,M,ABC COMPUTER,4000,DN-CAB-01,556,C-G,,OCR-GUL,,304.5,,B,,,,03,,,,,OCR-GUL,DN-E027-03-SW25,DN_FFL,,FEEDER,,,,,,,4001262883,4001262845,4001761398,,3000000049771,,556,{84F0DCF3-922A-488E-B979-E765C224D059},10/5/2018,,U80016139,FA,FACT,,,,,12:00:00 AM,0,S,,,12:00:00 AM,,,,,,,,,0,0,,,,,,,,,
FEEDER,557,DN01,FDR-000557,,127,AO_GP,M,APWA COLLEGE(OLD GOVT SCHOOL),4000,DN-CAB-01,557,C-G,,OCR-GUL,,304.5,,B,,,,0012,,,,,OCR-GUL,DN-E027-02-SW43,DN_FFL,,FEEDER,,,,,,,4001262884,4001262846,4001761831,,3000000093138,,000557,{3A4726BE-77FE-463F-B405-1E85A35CA816},6/28/2018,,U80016139,NT,FACT,,,,,12:00:00 AM,0,S,GULSHAN-MGR,7/6/2020,12:45:11 PM,,,,,,,,,0,0,,,,,,,,,
FEEDER,558,DN01,FDR-000558,,127,AO_GP,M,TAYYA HOTEL (OLD LIAQATABAD-1),4000,DN-CAB-01,558,C-G,,OCR-GUL,M,304.5,,B,,,,12,,,,,OCR-GUL,DN-E027-01-SW6,DN_FFL,,FEEDER,,,,,,,4001262885,4001262847,4001761399,,3000000049773,,000558,{6187AF3B-7793-4950-9BF4-C799A4E3382D},6/28/2018,,U80016139,NT,FACT,,,,,12:00:00 AM,0,S,,,12:00:00 AM,,,,,,,,,0,0,,,,,,,,,
FEEDER,559,DN01,FDR-000559,,127,AO_GP,M,C-1 AREA,4000,DN-CAB-01,559,C-G,,OCR-GUL,,304.5,,B,,,,12,,,,,OCR-GUL,DN-E027-03-SW26,DN_FFL,,FEEDER,,,,,,,4001262886,4001262848,4001761400,,3000000049774,,559,{AF6767B2-2899-42D9-9DF5-BE9F0CEA25E9},6/28/2018,,U80016139,NT,FACT,,,,,12:00:00 AM,0,S,,,12:00:00 AM,,,,,,,,,0,0,,,,,,,,,
FEEDER,560,DN01,FDR-000560,,136,AO_GP,M,FATIMA BAROCHA,4000,DN-CAB-01,560,C-G,,OCR-GUL,,304.5,,B,,,,30,,,,,OCR-GUL,DN-E027-03-SW28,DN_FFL,,FEEDER,,,,,,,4001262887,4001262849,4001762011,,3000000049775,,560,{D9919F75-F019-4327-9B86-D8D1EFFF97A3},6/28/2018,,U80016139,NT,FACT,,,,,12:00:00 AM,0,S,,,12:00:00 AM,,,,,,,,,0,0,,,,,,,,,
FEEDER,561,DN01,FDR-000561,,127,AO_GP,M,MUNAWWAR ENGINEERING,4000,DN-CAB-01,561,C-G,,OCR-GUL,,304.5,,B,,,,12,,,,,OCR-GUL,DN-E027-02-SW38,DN_FFL,,FEEDER,,,,,,,4001262888,4001262850,4001761401,,3000000097819,,000561,{0B5BDF2F-A440-4707-B274-DA8EC1FE4138},6/28/2018,,U80016139,NT,FACT,,,,,12:00:00 AM,0,S,,,12:00:00 AM,,,,,,,,,0,0,,,,,,,,,
FEEDER,562,DN01,FDR-000562,,136,AO_GP,M,MASJID-E-KHAIR-UL-AMAL,4000,DN-CAB-01,562,C-G,,OCR-GUL,,304.5,,B,,,,30,,,,,OCR-GUL,DN-E027-02-SW34,DN_FFL,,FEEDER,,,,,,,4001262889,4001262851,4001762012,,3000000049777,,000562,{AB5E8B31-4744-4F43-A090-475D4C8A3E58},6/28/2018,,U80016139,NT,FACT,,,,,12:00:00 AM,0,S,,,12:00:00 AM,,,,,,,,,0,0,,,,,,,,,
FEEDER,563,DN01,FDR-000563,,136,AO_GP,M,INDUS ICE,4000,DN-CAB-01,563,C-G,,OCR-GUL,,304.5,,B,,,,30,,,,,OCR-GUL,DN-E027-01-SW18,DN_FFL,,FEEDER,,,,,,,4001262890,4001262852,4001762013,,3000000090411,,000563,{41CD5291-B1FC-48DF-837A-06DA4D948690},6/28/2018,,U80016139,NT,FACT,,,,1/18/2023,10:59:51 AM,0,S,GULSHAN-MGR,1/18/2023,10:59:51 AM,,4002710213,4002710214,,,,,,0,0,,,,,,,,,
FEEDER,657,DN01,FDR-000657,,136,AO_GP,M,PAPOSH NAGAR,4000,DN-CAB-01,657,C-G,,OCR-GUL,,304.5,,B,,,,30,,,,,OCR-GUL,DN-E032-02-SW21,DN_FFL,,FEEDER,,,,,,,4001263269,4001263235,4001762014,,3000000049809,,657,{49E2563D-E396-493B-B479-A8AB6DE48A35},6/28/2018,,U80016139,NT,FACT,,,,,12:00:00 AM,0,S,,,12:00:00 AM,,,,,,,,,0,0,,,,,,,,,
FEEDER,667,DN01,FDR-000667,,136,AO_GP,M,FIRDOUS COLONY,4000,DN-CAB-01,667,C-G,,OCR-GUL,,3000,,B,,,,30,,,,,OCR-GUL,DN-E032-02-SW9,DN_FFL,,FEEDER,,,,,,,4001263278,4001263244,4001762015,,3000000049818,,667,{67EE8883-F5EF-40B8-BCF9-58A55AA952F9},6/28/2018,,U80016139,NT,FACT,,,,6/21/2023,5:17:03 PM,0,D,GULSHAN-MGR,6/21/2023,5:17:02 PM,,4002774604,4002774605,,,,,,0,0,,,,,,,,,
FEEDER,669,DN01,FDR-000669,,136,AO_GP,M,NAZIMABAD POST OFFICE,4000,DN-CAB-01,669,C-G,,OCR-GUL,,304.5,,B,,,,30,,,,,OCR-GUL,DN-E032-02-SW15,DN_FFL,,FEEDER,,,,,,,4001263280,4001263246,4001762016,,3000000049820,,669,{0BC8A9C4-0A24-4DA6-805F-2AD1405C4480},6/28/2018,,U80016139,NT,FACT,,,,,12:00:00 AM,0,S,,,12:00:00 AM,,,,,,,,,0,0,,,,,,,,,
FEEDER,775,DN01,FDR-000775,,136,AO_GP,M,DISTRICT OFFICE(HABIB INDUSTRY),4000,DN-CAB-01,775,C-G,,OCR-GUL,,304.5,,B,,,,30,,,,,OCR-GUL,DN-E040-06-SW82,DN_FFL,,FEEDER,,,,,,,4001263287,4001263253,4001762017,,3000000049827,,000775,{43EB78CA-E4D8-44E7-B158-64F5C4B888DD},6/28/2018,,U80016139,NT,FACT,,,,1/18/2023,10:45:49 AM,0,D,GULSHAN-MGR,1/18/2023,10:45:49 AM,,4002710197,4002710198,,,,,,0,0,,,,,,,,,
FEEDER,779,DN01,FDR-000779,,136,AO_GP,M,BISMILLAH MKT.(NOORANI HOTEL),4000,DN-CAB-01,779,C-G,,OCR-GUL,,304,,B,,,,30,,,,,OCR-GUL,DN-E040-02-SW62,DN_FFL,,FEEDER,,,,,,,4001263288,4001263254,4001762018,,3000000049828,,779,{1B797829-27E6-4623-BB73-F458438A7C32},6/28/2018,,U80016139,NT,FACT,,,,1/17/2023,12:21:19 PM,0,S,GULSHAN-MGR,7/3/2023,2:37:46 PM,,4002709748,4002709749,,,,,,0,0,,,,,,,,,
FEEDER,782,DN01,FDR-000782,,136,AO_GP,M,DYRE TEXTILE,4000,DN-CAB-01,782,C-G,,OCR-GUL,,304.5,,B,,,,30,,,,,OCR-GUL,DN-E082-01-SW4,DN_FFL,,FEEDER,,,,,,,4001263289,4001263255,4001762019,,3000000049829,,000782,{27306329-28FB-465C-84A4-EDB541DE241D},6/28/2018,,U80016139,NT,FACT,,,,,12:00:00 AM,0,D,,,12:00:00 AM,,,,,,,,,0,0,,,,,,,,,
FEEDER,791,DN01,FDR-000791,,136,AO_GP,M,USMANIA COLONY,4000,DN-CAB-01,791,C-G,,OCR-GUL,,304,,B,,,,30,,,,,OCR-GUL,DN-E040-03-SW20,DN_FFL,,FEEDER,,,,,,,4001263290,4001263256,4001762020,,3000000049830,,791,{620A8844-F3CC-4B5A-AC71-CFD47628EB90},6/28/2018,,U80016139,NT,FACT,,,,1/17/2023,12:11:32 PM,0,S,GULSHAN-MGR,7/3/2023,2:36:46 PM,,4002709744,4002709745,,,,,,0,0,,,,,,,,,
FEEDER,795,DN01,FDR-000795,,136,AO_GP,M,HAMDARD,4000,DN-CAB-01,795,C-G,,OCR-GUL,,304,,B,,,,30,,,,,OCR-GUL,DN-E040-04-SW36,DN_FFL,,FEEDER,,,,,,,4001263571,4001263257,4001762021,,3000000049831,,795,{8F67C0E9-4737-4017-91E3-E456AAC50F21},6/28/2018,,U80016139,NT,FACT,,,,1/17/2023,12:13:32 PM,0,S,GULSHAN-MGR,11/22/2023,11:32:40 AM,,4002709746,4002709747,,,,,,0,0,,,,,,,,,
FEEDER,796,DN01,FDR-000796,,136,AO_GP,M,AURANGABAD(OLD FINE TEXTILE),4000,DN-CAB-01,796,C-G,,OCR-GUL,,300,,B,,,,30,,,,,OCR-GUL,DN-E040-03-SW28,DN_FFL,,FEEDER,,,,,,,4001263572,4001263538,4001762022,,3000000049832,,796,{7211764C-8B71-40FE-84C0-F6BE475FD8EF},6/28/2018,,U80016139,NT,FACT,,,,6/21/2023,5:26:46 PM,0,S,GULSHAN-MGR,6/21/2023,5:26:45 PM,,4002709761,4002709762,,,,,,0,0,,,,,,,,,
FEEDER,805,DN01,FDR-000805,,136,AO_GP,M,ABBASI SHAHEED,4000,DN-CAB-01,805,C-G,,OCR-GUL,,304.5,,B,,,,30,,,,,OCR-GUL,DN-E040-06-SW85,DN_FFL,,FEEDER,,,,,,,4001263573,4001263539,4001762023,,3000000049833,,805,{12A1D6E3-8757-49D7-9CFF-2AA11959D757},6/28/2018,,U80016139,NT,FACT,,,,4/12/2023,3:27:20 PM,0,S,GULSHAN-MGR,4/12/2023,3:27:19 PM,,4002709751,4002709752,,,,,,0,0,,,,,,,,,
FEEDER,813,DN01,FDR-000813,,136,AO_GP,M,SHAH-E-KARBALA,4000,DN-CAB-01,813,C-G,,OCR-GUL,,304.5,,B,,,,30,,,,,OCR-GUL,DN-E082-01-SW4,DN_FFL,,FEEDER,,,,,,,4001263574,4001263540,4001762024,,3000000049834,,000813,{5375CF3C-5242-4A6A-963E-859C79BDA0B9},6/28/2018,,U80016139,NT,FACT,,,,,12:00:00 AM,0,D,,,12:00:00 AM,,,,,,,,,0,0,,,,,,,,,
FEEDER,818,DN01,FDR-000818,,136,AO_GP,M,AL-MAROOF SWEET,4000,DN-CAB-01,818,C-G,,OCR-GUL,,304.5,,B,,,,30,,,,,OCR-GUL,DN-E082-02-SW22,DN_FFL,,FEEDER,,,,,,,4001263575,4001263541,4001762025,,3000000049835,,000818,{223C9C8A-87A5-4007-B63C-BEA1B496BFA0},6/28/2018,,U80016139,NT,FACT,,,,,12:00:00 AM,0,S,,,12:00:00 AM,,,,,,,,,0,0,,,,,,,,,
FEEDER,890,DN01,FDR-000890,,132,AO_GP,M,AL-NOOR SOCIETY,4000,DN-CAB-01,890,C-G,,OCR-GUL,,304.5,,B,,,,03,,,,,OCR-GUL,DN-E012-04-SW34,DN_FFL,,FEEDER,,,,,,,4001263590,4001263556,4001761316,,3000000049850,,890,{6A2B0FA3-A697-4860-A981-3523938288DD},10/5/2018,,U80016139,FA,FACT,,,,,12:00:00 AM,0,S,,,12:00:00 AM,,,,,,,,,0,0,,,,,,,,,
FEEDER,893,DN01,FDR-000893,,132,AO_GP,M,ALLAMA IQBAL SCHOOL (FIVE STAR),4000,DN-CAB-01,893,C-G,,OCR-GUL,,304.5,,B,,,,03,,,,,OCR-GUL,DN-E048-01-SW4,DN_FFL,,FEEDER,,,,,,,4001263592,4001263558,4001761832,,3000000049852,,893,{24B16BF7-65FB-45BC-9B54-10F9639F9A9A},6/28/2018,,U80016139,NT,FACT,,,,,12:00:00 AM,0,S,,,12:00:00 AM,,,,,,,,,0,0,,,,,,,,,
FEEDER,1123,DN01,FDR-001123,,136,AO_GP,M,FALAK TOWER (GUL ICE),4000,DN-CAB-01,1123,C-G,,OCR-GUL,,304.5,,B,,,,30,,,,,OCR-GUL,DN-E027-01-SW8,DN_FFL,,FEEDER,,,,,,,4001263593,4001263559,4001762026,,3000000049853,,001123,{8CC2C69B-EABF-4AE1-A15F-D823BDBF5FE6},6/28/2018,,U80016139,NT,FACT,,,,,12:00:00 AM,0,S,,,12:00:00 AM,,,,,,,,,0,0,,,,,,,,,
FEEDER,1152,DN01,FDR-001152,,123,AO_GP,M,GENERAL SOCIETY,4000,DN-CAB-01,1152,C-G,,OCR-GUL,,304.5,,B,,,,16,,,,,OCR-GUL,DN-E006-02-SW15,DN_FFL,,FEEDER,,,,,,,4001263594,4001263560,4001761258,,3000000049854,,1152,{66D3ED77-0744-49D4-8AD1-BAFDA93AC8D5},6/28/2018,,U80016139,NT,FACT,,,,,12:00:00 AM,0,D,,,12:00:00 AM,,,,,,,,,0,0,,,,,,,,,
FEEDER,1176,DN01,FDR-001176,,123,AO_GP,M,ARMY HOUSING-5,4000,DN-CAB-01,1176,C-G,,OCR-GUL,,304.5,,B,,,,16,,,,,OCR-GUL,DN-E006-03-SW31,DN_FFL,,FEEDER,,,,,,,4001263595,4001263561,4001761259,,3000000049855,,1176,{9B76E4BC-2CFF-47D0-B0EC-41051BF5E83E},6/28/2018,,U80016139,NT,FACT,,,,,12:00:00 AM,0,D,,,12:00:00 AM,,,,,,,,,0,0,,,,,,,,,
FEEDER,1177,DN01,FDR-001177,,123,AO_GP,M,ARMY HOUSING-9,4000,DN-CAB-01,1177,C-G,,OCR-GUL,,304.5,,B,,,,16,,,,,OCR-GUL,DN-E006-03-SW31,DN_FFL,,FEEDER,,,,,,,4001263596,4001263562,4001761260,,3000000049856,,1177,{CDFB6E31-E42F-4604-8B5D-8DE00CCC6C6C},6/28/2018,,U80016139,NT,FACT,,,,,12:00:00 AM,0,D,,,12:00:00 AM,,,,,,,,,0,0,,,,,,,,,
FEEDER,1196,DN01,FDR-001196,,132,AO_GP,M,WONDER BREAD(LAL SHAHBAZ),4000,DN-CAB-01,1196,C-G,,OCR-GUL,,304.5,,B,,,,03,,,,,OCR-GUL,DN-E012-04-SW35,DN_FFL,,FEEDER,,,,,,,4001263597,4001263563,4001761833,,3000000095496,,001196,{56D88FF5-FCD8-4BA0-91DB-15EC07CDA74D},10/5/2018,,U80016139,FA,FACT,,,,,12:00:00 AM,0,S,,,12:00:00 AM,,,,,,,,,0,0,,,,,,,,,
FEEDER,1198,DN01,FDR-001198,,132,AO_GP,M,U. K. SQUARE,4000,DN-CAB-01,1198,C-G,,OCR-GUL,,304,,B,,,,03,,,,,OCR-GUL,DN-E012-02-SW61,DN_FFL,4002769119,FEEDER,6004152591,,,5004172175,2000007899,AI,4001263598,4001263564,4001761834,,3000000049858,,1198,{C611EB19-0093-471B-8E4A-C84C962ABDA4},6/28/2018,,U80016139,NT,FACT,,,,8/16/2021,2:12:08 PM,0,S,GULSHAN-MGR,6/8/2023,6:15:25 PM,,4002427740,4002427741,,,,,,0,0,,,,,,,,,
FEEDER,1199,DN01,FDR-001199,,132,AO_GP,M,GULBERG,4000,DN-CAB-01,1199,C-G,,OCR-GUL,,304.5,,B,,,,03,,,,,OCR-GUL,DN-E012-01-SW44,DN_FFL,,FEEDER,,,,,,,4001263599,4001263565,4001761835,,3000000049859,,1199,{915D2123-5EB7-4BC7-BB1C-9CA568D27B49},6/28/2018,,U80016139,NT,FACT,,,,,12:00:00 AM,0,S,,,12:00:00 AM,,,,,,,,,0,0,,,,,,,,,
FEEDER,1200,DN01,FDR-001200,,132,AO_GP,M,TAHIR VILLA,4000,DN-CAB-01,1200,C-G,,OCR-GUL,,304.5,,B,,,,03,,,,,OCR-GUL,DN-E012-03-SW11,DN_FFL,,FEEDER,,,,,,,4001263600,4001263566,4001761836,,3000000049860,,1200,{DA131A67-47BC-46CA-9638-59BDC1B6BBC8},6/28/2018,,U80016139,NT,FACT,,,,,12:00:00 AM,0,S,,,12:00:00 AM,,,,,,,,,0,0,,,,,,,,,
FEEDER,1201,DN01,FDR-001201,,123,AO_GP,M,ABID PLAZA,4000,DN-CAB-01,1201,C-G,,OCR-GUL,,304.5,,B,,,,16,,,,,OCR-GUL,DN-E012-01-SW57,DN_FFL,,FEEDER,,,,,,,4001264019,4001263567,4001761261,,3000000049861,,1201,{167F9831-6CCB-4DED-9F9C-3188D75B2A80},6/28/2018,,U80016139,NT,FACT,,,,,12:00:00 AM,0,S,,,12:00:00 AM,,,,,,,,,0,0,,,,,,,,,
FEEDER,1203,DN01,FDR-001203,,132,AO_GP,M,FAROOQ-E-AZAM(ZIAUDDIN),4000,DN-CAB-01,1203,C-G,,OCR-GUL,,304.5,,B,,,,03,,,,,OCR-GUL,DN-E012-01-SW47,DN_FFL,,FEEDER,,,,,,,4001264020,4001263568,4001761837,,3000000049862,,1203,{31D1553F-C9CC-4C52-A0CC-EB19BA8306A2},6/28/2018,,U80016139,NT,FACT,,,,,12:00:00 AM,0,S,,,12:00:00 AM,,,,,,,,,0,0,,,,,,,,,
FEEDER,1205,DN01,FDR-001205,,132,AO_GP,M,SHAMIM APPARTMENT,4000,DN-CAB-01,1205,C-G,,OCR-GUL,,304.5,,B,,,,03,,,,,OCR-GUL,DN-E012-04-SW41,DN_FFL,,FEEDER,,,,,,,4001264021,4001263569,4001761838,,3000000049863,,001205,{67777B25-A3B4-400E-A4DC-A7B673CBD7E5},6/28/2018,,U80016139,NT,FACT,,,,,12:00:00 AM,0,S,,,12:00:00 AM,,,,,,,,,0,0,,,,,,,,,
FEEDER,1212,DN01,FDR-001212,,123,AO_GP,M,STATION ROAD,4000,DN-CAB-01,1212,C-G,,OCR-GUL,,304.5,,B,,,,16,,,,,OCR-GUL,DN-E018-01-SW8,DN_FFL,,FEEDER,,,,,,,4001264022,4001263570,4001761262,,3000000049864,,001212,{C7601F32-A98A-45D7-9A3C-F867C5508449},6/28/2018,,U80016139,NT,FACT,,,,3/29/2022,1:54:33 PM,0,S,GULSHAN-MGR,3/29/2022,1:58:42 PM,,,,,,,,,0,0,,,,,,,,,
FEEDER,1213,DN01,FDR-001213,,123,AO_GP,M,NESCOS,4000,DN-CAB-01,1213,C-G,,OCR-GUL,,304.5,,B,,,,16,,,,,OCR-GUL,DN-E018-01-SW1,DN_FFL,,FEEDER,,,,,,,4001264023,4001263986,4001761263,,3000000049865,,001213,{EFE098A2-1426-465E-B48D-F44EEC03638F},6/28/2018,,U80016139,NT,FACT,,,,2/10/2021,4:20:41 PM,0,D,GULSHAN-MGR,2/10/2021,5:00:41 PM,,4002286329,4002286330,,,,,,0,0,,,,,,,,,
FEEDER,1214,DN01,FDR-001214,,123,AO_GP,M,CIVIC VIEW,4000,DN-CAB-01,1214,C-G,,OCR-GUL,,304.5,,B,,,,16,,,,,OCR-GUL,DN-E018-01-SW4,DN_FFL,,FEEDER,,,,,,,4001264024,4001263987,4001761264,,3000000049866,,1214,{81941B9F-8D37-4BD9-AF4D-AE17558FF856},6/28/2018,,U80016139,NT,FACT,,,,,12:00:00 AM,0,S,,,12:00:00 AM,,,,,,,,,0,0,,,,,,,,,
FEEDER,1215,DN01,FDR-001215,,123,AO_GP,M,ERUM DEVELOPER,4000,DN-CAB-01,1215,C-G,,OCR-GUL,,304.5,,B,,,,16,,,,,OCR-GUL,DN-E018-01-SW9,DN_FFL,,FEEDER,,,,,,,4001264025,4001263988,4001761265,,3000000049867,,1215,{2EA92F0D-F633-4E82-8BE7-67347BE21704},6/28/2018,,U80016139,NT,FACT,,,,3/29/2022,2:17:06 PM,0,D,GULSHAN-MGR,3/29/2022,2:17:40 PM,,,,,,,,,0,0,,,,,,,,,
FEEDER,1216,DN01,FDR-001216,,123,AO_GP,M,KARSON COMPLEX,4000,DN-CAB-01,1216,C-G,,OCR-GUL,,304.5,,B,,,,16,,,,,OCR-GUL,DN-E018-02-SW31,DN_FFL,,FEEDER,,,,,,,4001264026,4001263989,4001761266,,3000000049868,,1216,{45808329-FE68-4155-A11E-0F751BA6CB07},6/28/2018,,U80016139,NT,FACT,,,,3/29/2022,5:44:56 PM,0,S,GULSHAN-MGR,3/29/2022,5:45:42 PM,,,,,,,,,0,0,,,,,,,,,
FEEDER,1219,DN01,FDR-001219,,123,AO_GP,M,DHORAJEE COLONY (OLD USMAN PLAZA),4000,DN-CAB-01,1219,C-G,,OCR-GUL,,304.5,,B,,,,16,,,,,OCR-GUL,DN-E018-04-SW50,DN_FFL,,FEEDER,,,,,,,4001264027,4001263990,4001761267,,3000000049869,,1219,{5FA3AD11-61B7-4B46-BC59-E17FB5840551},6/28/2018,,U80016139,NT,FACT,,,,3/30/2022,11:22:19 AM,0,S,GULSHAN-MGR,3/30/2022,11:22:50 AM,,,,,,,,,0,0,,,,,,,,,
FEEDER,1264,DN01,FDR-001264,,127,AO_GP,M,LIAQUATABAD-2,4000,DN-CAB-01,1264,C-G,,OCR-GUL,,304.5,,B,,,,12,,,,,OCR-GUL,DN-E027-03-SW22,DN_FFL,,FEEDER,,,,,,,4001264028,4001263991,4001761402,,3000000049870,,001264,{95737DC1-3E12-47A9-8577-31C81CF9F17C},6/28/2018,,U80016139,NT,FACT,,,,8/10/2020,4:42:52 PM,0,S,GULSHAN-MGR,8/10/2020,4:42:52 PM,,,,,,,,,0,0,,,,,,,,,
FEEDER,1265,DN01,FDR-001265,,136,AO_GP,M,QURESHI COLONY,4000,DN-CAB-01,1265,C-G,,OCR-GUL,,304.5,,B,,,,30,,,,,OCR-GUL,DN-E027-01-SW16,DN_FFL,,FEEDER,,,,,,,4001264029,4001263992,4001762027,,3000000049871,,1265,{FF1E65A0-90EA-43AF-813D-24A9CB546BF7},6/28/2018,,U80016139,NT,FACT,,,,1/18/2023,10:55:19 AM,0,S,GULSHAN-MGR,1/18/2023,10:56:16 AM,,,,,,,,,0,0,,,,,,,,,
FEEDER,1266,DN01,FDR-001266,,127,AO_GP,M,FED CAPITAL-4,4000,DN-CAB-01,1266,C-G,,OCR-GUL,,304.5,,B,,,,12,,,,,OCR-GUL,DN-E027-02-SW42,DN_FFL,,FEEDER,,,,,,,4001264030,4001263993,4001761403,,3000000049872,,001266,{3D53F6E0-859C-4D25-802D-28611223A0E5},6/28/2018,,U80016139,NT,FACT,,,,,12:00:00 AM,0,S,,,12:00:00 AM,,,,,,,,,0,0,,,,,,,,,
FEEDER,1267,DN01,FDR-001267,,132,AO_GP,M,KARIMABAD,4000,DN-CAB-01,1267,C-G,,OCR-GUL,,304.5,,B,,,,0003,,,,,OCR-GUL,DN-E027-03-SW23,DN_FFL,,FEEDER,,,,,,,4001264031,4001263994,4001761404,,3000000049873,,001267,{80CFBC12-38C5-49B3-BC45-855E871B6C1A},6/28/2018,,U80016139,NT,FACT,,,,,12:00:00 AM,0,S,GULSHAN-MGR,7/6/2020,12:44:30 PM,,,,,,,,,0,0,,,,,,,,,
FEEDER,1269,DN01,FDR-001269,,136,AO_GP,M,PAKISTAN COLLEGE (OLD NAZIMABAD-1),4000,DN-CAB-01,1269,C-G,,OCR-GUL,,304.5,,B,,,,30,,,,,OCR-GUL,DN-E027-01-SW9,DN_FFL,,FEEDER,,,,,,,4001264032,4001263995,4001762028,,3000000049874,,001269,{5E040486-C350-4E62-9A15-9B0560BC6965},6/28/2018,,U80016139,NT,FACT,,,,9/22/2021,9:18:26 AM,0,S,GULSHAN-MGR,9/22/2021,9:43:36 AM,,,,,,,,,0,0,,,,,,,,,
FEEDER,1295,DN01,FDR-001295,,136,AO_GP,M,ASHRAF NAGAR,4000,DN-CAB-01,1295,C-G,,OCR-GUL,,300,,B,,,,30,,,,,OCR-GUL,DN-E032-02-SW16,DN_FFL,,FEEDER,,,,,,,4001264043,4001264006,4001762029,,3000000049885,,001295,{8A48EE75-CD29-4A0F-890E-7A1223D07DA8},6/28/2018,,U80016139,NT,FACT,,,,6/21/2023,5:14:31 PM,0,S,GULSHAN-MGR,6/21/2023,5:14:30 PM,,,,,,,,,0,0,,,,,,,,,
FEEDER,2012,DN01,FDR-002012,,132,AO_GP,M,DEHLI COLLEGE,4000,DN-CAB-01,2012,C-G,,OCR-GUL,,304.5,,B,,,,03,,,,,OCR-GUL,DN-E075-02-SWK21,DN_FFL,,FEEDER,,,,,,,4001264954,4001264015,4001761839,,3000000049894,,2012,{136E1820-FC55-403E-9311-D0EEAFE71346},6/28/2018,,U80016139,NT,FACT,,,,,12:00:00 AM,0,S,,,12:00:00 AM,,,,,,,,,0,0,,,,,,,,,
FEEDER,2018,DN01,FDR-002018,,136,AO_GP,M,PEETAL GALI,4000,DN-CAB-01,2018,C-G,,OCR-GUL,,304.5,,B,,,,30,,,,,OCR-GUL,DN-E076-02-SW30,DN_FFL,,FEEDER,,,,,,,4001264955,4001264016,4001762030,,3000000049895,,2018,{B02F6E9C-C673-49BB-8DCD-C9B6B8B10A96},6/28/2018,,U80016139,NT,FACT,,,,,12:00:00 AM,0,S,,,12:00:00 AM,,,,,,,,,0,0,,,,,,,,,
FEEDER,2019,DN01,FDR-002019,,132,AO_GP,M,DASTAGIR SOCIETY,4000,DN-CAB-01,2019,C-G,,OCR-GUL,,304.5,,B,,,,03,,,,,OCR-GUL,DN-E075-02-SWK23,DN_FFL,,FEEDER,,,,,,,4001264956,4001264017,4001761840,,3000000049896,,2019,{39B92B95-BE31-4F87-8EC2-DFC33B011863},6/28/2018,,U80016139,NT,FACT,,,,,12:00:00 AM,0,S,,,12:00:00 AM,,,,,,,,,0,0,,,,,,,,,
FEEDER,2021,DN01,FDR-002021,,136,AO_GP,M,HAJI MUREED GOTH,4000,DN-CAB-01,2021,C-G,,OCR-GUL,,304.5,,B,,,,30,,,,,OCR-GUL,DN-E076-01-SW13,DN_FFL,,FEEDER,,,,,,,4001264957,4001264018,4001762031,,3000000049897,,2021,{B52276DA-0BD9-4FD8-82BC-FBDBF50B763C},6/28/2018,,U80016139,NT,FACT,,,,,12:00:00 AM,0,S,,,12:00:00 AM,,,,,,,,,0,0,,,,,,,,,
FEEDER,2023,DN01,FDR-002023,,132,AO_GP,M,BANA PALACE,4000,DN-CAB-01,2023,C-G,,OCR-GUL,,304.5,,B,,,,03,,,,,OCR-GUL,DN-E075-01-SWK11,DN_FFL,,FEEDER,,,,,,,4001264958,4001264484,4001761841,,3000000049898,,2023,{25D867D2-CBAD-4EA0-95E4-1370DE5FF12C},6/28/2018,,U80016139,NT,FACT,,,,,12:00:00 AM,0,S,,,12:00:00 AM,,,,,,,,,0,0,,,,,,,,,
FEEDER,2024,DN01,FDR-002024,,132,AO_GP,M,BAZAR-E-FAISAL(N.ICE),4000,DN-CAB-01,2024,C-G,,OCR-GUL,,304.5,,B,,,,0003,,,,,OCR-GUL,DN-E027-01-SW1,DN_FFL,,FEEDER,,,,,,,4001264959,4001264485,4001761405,,3000000049899,,002024,{A505724D-886A-45E1-ADD0-F8B539D8E350},6/28/2018,,U80016139,NT,FACT,,,,,12:00:00 AM,0,S,GULSHAN-MGR,7/6/2020,12:43:54 PM,,,,,,,,,0,0,,,,,,,,,
FEEDER,2030,DN01,FDR-002030,,127,AO_GP,M,BALOUCH HOTEL,4000,DN-CAB-01,2030,C-G,,OCR-GUL,,304.5,,B,,,,12,,,,,OCR-GUL,DN-E076-02-SW23,DN_FFL,,FEEDER,,,,,,,4001264960,4001264486,4001761406,,3000000049900,,2030,{B4402A3A-163E-466D-B3EE-659BC72E50BE},6/28/2018,,U80016139,NT,FACT,,,,,12:00:00 AM,0,D,,,12:00:00 AM,,,,,,,,,0,0,,,,,,,,,
FEEDER,2034,DN01,FDR-002034,,132,AO_GP,M,GULNOOR ICE,4000,DN-CAB-01,2034,C-G,,OCR-GUL,,304.5,,B,,,,03,,,,,OCR-GUL,DN-E075-02-SWK27,DN_FFL,,FEEDER,,,,,,,4001264961,4001264487,4001761842,,3000000049901,,2034,{97B40A37-5F0C-474E-9199-D12102BF74E6},6/28/2018,,U80016139,NT,FACT,,,,,12:00:00 AM,0,S,,,12:00:00 AM,,,,,,,,,0,0,,,,,,,,,
FEEDER,2035,DN01,FDR-002035,,132,AO_GP,M,HEF SCHOOL,4000,DN-CAB-01,2035,C-G,,OCR-GUL,,304.5,,B,,,,0003,,,,,OCR-GUL,DN-E075-01-SWK09,DN_FFL,,FEEDER,,,,,,,4001264962,4001264488,4001761407,,3000000049902,,002035,{6B396A9C-B84A-4E0A-83ED-CAEA5EC9F95C},6/28/2018,,U80016139,NT,FACT,,,,,12:00:00 AM,0,S,GULSHAN-MGR,7/6/2020,12:39:44 PM,,,,,,,,,0,0,,,,,,,,,
FEEDER,2041,DN01,FDR-002041,,132,AO_GP,M,QUAID AVENEUE,4000,DN-CAB-01,2041,C-G,,OCR-GUL,,304.5,,B,,,,03,,,,,OCR-GUL,DN-E075-01-SWK10,DN_FFL,,FEEDER,,,,,,,4001264963,4001264489,4001761408,,3000000049903,,2041,{B86141A3-373E-4BD0-B077-9A9B999032B0},10/5/2018,,U80016139,FA,FACT,,,,11/1/2021,2:45:13 PM,0,S,GULSHAN-MGR,11/1/2021,2:45:13 PM,,4002470801,4002470802,,,,,,0,0,,,,,,,,,
FEEDER,2047,DN01,FDR-002047,,127,AO_GP,M,NAGWAN VILLAGE (ANGARA GOTH),4000,DN-CAB-01,2047,C-G,,OCR-GUL,,304.5,,B,,,,12,,,,,OCR-GUL,DN-E076-01-SW3,DN_FFL,,FEEDER,,,,,,,4001264964,4001264490,4001761409,,3000000049904,,2047,{24776179-4CC5-4E7D-9B89-8284DE420A5E},6/28/2018,,U80016139,NT,FACT,,,,,12:00:00 AM,0,S,,,12:00:00 AM,,,,,,,,,0,0,,,,,,,,,
FEEDER,2053,DN01,FDR-002053,,123,AO_GP,M,JAMIA SIBTAIN,4000,DN-CAB-01,2053,C-G,,OCR-GUL,,304.5,,B,,,,16,,,,,OCR-GUL,DN-E018-01-SW10,DN_FFL,,FEEDER,,,,,,,4001264965,4001264491,4001761268,,3000000049905,,002053,{1D4641A9-A998-4296-97A9-AEB963F61CFF},6/28/2018,,U80016139,NT,FACT,,,,3/29/2022,2:11:16 PM,0,S,GULSHAN-MGR,3/29/2022,2:11:16 PM,,4002565600,4002565601,,,,,,0,0,,,,,,,,,
FEEDER,2073,DN01,FDR-002073,,132,AO_GP,M,M. YOUNUS,4000,DN-CAB-01,2073,C-G,,OCR-GUL,,304.5,,B,,,,03,,,,,OCR-GUL,DN-E075-02-SWK19,DN_FFL,,FEEDER,,,,,,,4001264966,4001264492,4001761843,,3000000049906,,2073,{7F17A56B-497E-4386-ACA1-87F73396AF85},6/28/2018,,U80016139,NT,FACT,,,,,12:00:00 AM,0,S,,,12:00:00 AM,,,,,,,,,0,0,,,,,,,,,
FEEDER,2083,DN01,FDR-002083,,132,AO_GP,M,IDEAL INDUSTRY (GUL BL-1),4000,DN-CAB-01,2083,C-G,,OCR-GUL,,304.5,,B,,,,03,,,,,OCR-GUL,DN-E012-04-SW40,DN_FFL,,FEEDER,,,,,,,4001264967,4001264493,4001761844,,3000000049907,,2083,{F7991E87-FC96-4F58-B1B8-70BADB3C5279},6/28/2018,,U80016139,NT,FACT,,,,,12:00:00 AM,0,S,,,12:00:00 AM,,,,,,,,,0,0,,,,,,,,,
FEEDER,2084,DN01,FDR-002084,,132,AO_GP,M,RAZA FLOUR MILLS,4000,DN-CAB-01,2084,C-G,,OCR-GUL,,304.5,,B,,,,03,,,,,OCR-GUL,DN-E075-02-SWK20,DN_FFL,,FEEDER,,,,,,,4001264968,4001264494,4001761845,,3000000049908,,2084,{A52DD5EF-4F7A-4EF7-9B53-9BDBC16A0FB9},6/28/2018,,U80016139,NT,FACT,,,,,12:00:00 AM,0,S,,,12:00:00 AM,,,,,,,,,0,0,,,,,,,,,
FEEDER,2094,DN01,FDR-002094,,132,AO_GP,M,AGHA KHAN SCHOOL,4000,DN-CAB-01,2094,C-G,,OCR-GUL,,304.5,,B,,,,03,,,,,OCR-GUL,DN-E075-01-SWK12,DN_FFL,,FEEDER,,,,,,,4001264969,4001264495,4001761410,,3000000049909,,002094,{306986FC-45B2-4FD0-AF52-A1B6262BDDFF},10/5/2018,,U80016139,FA,FACT,,,,,12:00:00 AM,0,D,GULSHAN-MGR,7/6/2020,12:40:49 PM,,,,,,,,,0,0,,,,,,,,,
FEEDER,2097,DN01,FDR-002097,,132,AO_GP,M,AISHA MANZIL(OLD MEENA),4000,DN-CAB-01,2097,C-G,,OCR-GUL,,304.5,,B,,,,03,,,,,OCR-GUL,DN-E012-01-SW55,DN_FFL,,FEEDER,,,,,,,4001264970,4001264496,4001761846,,3000000049910,,2097,{39DCF0F4-2C0B-4E09-BA27-A246D3D750DB},6/28/2018,,U80016139,NT,FACT,,,,,12:00:00 AM,0,S,,,12:00:00 AM,,,,,,,,,0,0,,,,,,,,,
FEEDER,2099,DN01,FDR-002099,,132,AO_GP,M,YASEENABAD,4000,DN-CAB-01,2099,C-G,,OCR-GUL,,304.5,,B,,,,03,,,,,OCR-GUL,DN-E075-02-SWK25,DN_FFL,,FEEDER,,,,,,,4001264971,4001264497,4001761847,,3000000049911,,2099,{A9A98D11-C6F5-465D-9D47-BFEA977DAE74},6/28/2018,,U80016139,NT,FACT,,,,,12:00:00 AM,0,S,,,12:00:00 AM,,,,,,,,,0,0,,,,,,,,,
FEEDER,2100,DN01,FDR-002100,,123,AO_GP,M,RUFI HEAVEN,4000,DN-CAB-01,2100,C-G,,OCR-GUL,,304.5,,B,,,,16,,,,,OCR-GUL,DN-E018-03-SW39,DN_FFL,,FEEDER,,,,,,,4001264972,4001264498,4001761269,,3000000049912,,2100,{99E5169D-9F69-403E-A9C8-C07D7D2263FE},6/28/2018,,U80016139,NT,FACT,,,,3/30/2022,10:16:23 AM,0,S,GULSHAN-MGR,3/30/2022,10:17:27 AM,,,,,,,,,0,0,,,,,,,,,
FEEDER,2101,DN01,FDR-002101,,132,AO_GP,M,USMAN HOSPITAL,4000,DN-CAB-01,2101,C-G,,OCR-GUL,,304.5,,B,,,,03,,,,,OCR-GUL,DN-E075-01-SWK07,DN_FFL,,FEEDER,,,,,,,4001264973,4001264499,4001761411,,3000000049913,,2101,{82B6A137-8DF9-492D-A936-E7674F68C696},10/5/2018,,U80016139,FA,FACT,,,,,12:00:00 AM,0,S,,,12:00:00 AM,,,,,,,,,0,0,,,,,,,,,
FEEDER,2113,DN01,FDR-002113,,132,AO_GP,M,ALI SQUARE,4000,DN-CAB-01,2113,C-G,,OCR-GUL,,304.5,,B,,,,0003,,,,,OCR-GUL,DN-E075-01-SWK12,DN_FFL,,FEEDER,,,,,,,4001264974,4001264500,4001761412,,3000000049914,,002113,{52DA45EC-2BD4-43C7-BE21-950279582CC3},10/5/2018,,U80016139,FA,FACT,,,,,12:00:00 AM,0,D,GULSHAN-MGR,7/6/2020,12:41:48 PM,,,,,,,,,0,0,,,,,,,,,
FEEDER,2120,DN01,FDR-002120,,123,AO_GP,M,MALL RESIDENCY (SAIMA),4000,DN-CAB-01,2120,C-G,,OCR-GUL,,304.5,,B,,,,16,,,,,OCR-GUL,DN-E018-04-SW60,DN_FFL,,FEEDER,,,,,,,4001264975,4001264501,4001761270,,3000000049915,,2120,{F0B97647-C9BE-4BFA-A8F8-D05350AA5CF5},6/28/2018,,U80016139,NT,FACT,,,,2/6/2023,11:30:17 AM,0,D,GULSHAN-MGR,2/6/2023,11:30:54 AM,,,,,,,,,0,0,,,,,,,,,
FEEDER,2124,DN01,FDR-002124,,123,AO_GP,M,AZEEM KHAN PARK,4000,DN-CAB-01,2124,C-G,,OCR-GUL,,304.5,,B,,,,16,,,,,OCR-GUL,DN-E018-03-SW41,DN_FFL,,FEEDER,,,,,,,4001264976,4001264502,4001761271,,3000000049916,,2124,{D6B7F664-6117-4950-8614-74B640A47710},6/28/2018,,U80016139,NT,FACT,,,,3/30/2022,10:21:50 AM,0,S,GULSHAN-MGR,3/30/2022,10:22:32 AM,,,,,,,,,0,0,,,,,,,,,
FEEDER,2139,DN01,FDR-002139,,132,AO_GP,M,TRIMAX HOSPITAL(OLD COMP SCHOOL),4000,DN-CAB-01,2139,C-G,,OCR-GUL,,304.5,,B,,,,03,,,,,OCR-GUL,DN-E075-02-SWK26,DN_FFL,,FEEDER,,,,,,,4001264977,4001264503,4001761848,,3000000093025,,002139,{AE31DD5B-9FB6-461B-855D-EA670E81B4C2},6/28/2018,,U80016139,NT,FACT,,,,,12:00:00 AM,0,S,,,12:00:00 AM,,,,,,,,,0,0,,,,,,,,,
FEEDER,2156,DN01,FDR-002156,,132,AO_GP,M,MEMON MASJID,4000,DN-CAB-01,2156,C-G,,OCR-GUL,,304.5,,B,,,,03,,,,,OCR-GUL,DN-E075-02-SWK22,DN_FFL,,FEEDER,,,,,,,4001264980,4001264506,4001761413,,3000000049920,,2156,{56F969BC-9CFD-4AB9-9A60-E84AE0DF5060},10/5/2018,,U80016139,FA,FACT,,,,11/1/2021,2:43:06 PM,0,S,GULSHAN-MGR,11/1/2021,2:43:06 PM,,,,,,,,,0,0,,,,,,,,,
FEEDER,3016,DN01,FDR-003016,,123,AO_GP,M,MASKAN (OLD BHAYANI),4000,DN-CAB-01,3016,C-G,,OCR-GUL,,304.5,,B,,,,16,,,,,OCR-GUL,DN-E018-04-SW49,DN_FFL,,FEEDER,,,,,,,4001264985,4001264511,4001761272,,3000000049925,,3016,{92FCB718-D2EF-4B1C-BB43-A82A8AD76D7B},6/28/2018,,U80016139,NT,FACT,,,,3/30/2022,11:26:01 AM,0,S,GULSHAN-MGR,3/30/2022,11:26:30 AM,,,,,,,,,0,0,,,,,,,,,
FEEDER,3017,DN01,FDR-003017,,123,AO_GP,M,SIND BAD,4000,DN-CAB-01,3017,C-G,,OCR-GUL,,304.5,,B,,,,16,,,,,OCR-GUL,DN-E018-01-SW6,DN_FFL,,FEEDER,,,,,,,4001264986,4001264512,4001761273,,3000000049926,,003017,{7BEFC6F3-863B-4A37-871B-154A830901B0},6/28/2018,,U80016139,NT,FACT,,,,7/2/2020,12:33:57 PM,0,D,GULSHAN-MGR,7/2/2020,12:33:57 PM,,,,,,,,,0,0,,,,,,,,,
FEEDER,3053,DN01,FDR-003053,,123,AO_GP,M,HUSSAIN HAZARA,4000,DN-CAB-01,3053,C-G,,OCR-GUL,,304.5,,B,,,,16,,,,,OCR-GUL,DN-E077-01-SW1,DN_FFL,,FEEDER,,,,,,,4001265428,4001264513,4001761274,,3000000049927,,3053,{BE3504BF-6769-4409-B847-A6E8C1D27226},6/28/2018,,U80016139,NT,FACT,,,,,12:00:00 AM,0,S,,,12:00:00 AM,,,,,,,,,0,0,,,,,,,,,
FEEDER,3103,DN01,FDR-003103,,127,AO_GP,M,SHAREEFABAD (P-4 RMU),4000,DN-CAB-01,3103,C-G,,OCR-GUL,,304.5,,B,,,,12,,,,,OCR-GUL,DN-E075-01-SWK06,DN_FFL,,FEEDER,,,,,,,4001265430,4001264515,4001761414,,3000000049929,,3103,{325C6447-D7A6-49A8-8EDE-6136D693DC45},6/28/2018,,U80016139,NT,FACT,,,,,12:00:00 AM,0,S,,,12:00:00 AM,,,,,,,,,0,0,,,,,,,,,
FEEDER,3107,DN01,FDR-003107,,127,AO_GP,M,SARAFA BAZAR,4000,DN-CAB-01,3107,C-G,,OCR-GUL,,304.5,,B,,,,12,,,,,OCR-GUL,DN-E075-01-SWK05,DN_FFL,,FEEDER,,,,,,,4001265431,4001264516,4001761415,,3000000049930,,3107,{6D86D34A-B895-4A27-984F-E8E90A869C83},6/28/2018,,U80016139,NT,FACT,,,,,12:00:00 AM,0,D,,,12:00:00 AM,,,,,,,,,0,0,,,,,,,,,
FEEDER,3108,DN01,FDR-003108,,127,AO_GP,M,TELENOR PMT,4000,DN-CAB-01,3108,C-G,,OCR-GUL,,304.5,,B,,,,12,,,,,OCR-GUL,DN-E075-01-SWK05,DN_FFL,,FEEDER,,,,,,,4001265432,4001264921,4001761416,,3000000049931,,003108,{37DA5528-CA94-462C-9378-51B3846B91F6},6/28/2018,,U80016139,NT,FACT,,,,,12:00:00 AM,0,D,,,12:00:00 AM,,,,,,,,,0,0,,,,,,,,,
FEEDER,3118,DN01,FDR-003118,,123,AO_GP,M,MUGHAL-E-AZAM,4000,DN-CAB-01,3118,C-G,,OCR-GUL,,304.5,,B,,,,16,,,,,OCR-GUL,DN-E018-03-SW45,DN_FFL,,FEEDER,,,,,,,4001265433,4001264922,4001761275,,3000000049932,,3118,{3A9AE298-C85F-47F7-8037-25F4EADF4782},6/28/2018,,U80016139,NT,FACT,,,,3/30/2022,10:46:08 AM,0,D,GULSHAN-MGR,3/30/2022,10:46:06 AM,,4002566336,4002566337,,,,,,0,0,,,,,,,,,
FEEDER,3146,DN01,FDR-003146,,123,AO_GP,M,GALLANT SUMMIT,4000,DN-CAB-01,3146,C-G,,OCR-GUL,,304.5,,B,,,,16,,,,,OCR-GUL,DN-E077-01-SW5,DN_FFL,,FEEDER,,,,,,,4001265435,4001264924,4001761276,,3000000049934,,3146,{6C333286-A748-4940-B7E7-5DA73A6881CD},6/28/2018,,U80016139,NT,FACT,,,,,12:00:00 AM,0,S,,,12:00:00 AM,,,,,,,,,0,0,,,,,,,,,
FEEDER,3157,DN01,FDR-003157,,136,AO_GP,M,NITAL  COLONY,4000,DN-CAB-01,3157,C-G,,OCR-GUL,,304.5,,B,,,,30,,,,,OCR-GUL,DN-E041-01-SW9,DN_FFL,,FEEDER,,,,,,,4001265436,4001264925,4001762032,,3000000049935,,3157,{FFAC1D32-D14B-4DDB-8ED4-0764835FBFFE},6/28/2018,,U80016139,NT,FACT,,,,,12:00:00 AM,0,S,,,12:00:00 AM,,,,,,,,,0,0,,,,,,,,,
FEEDER,3162,DN01,FDR-003162,,132,AO_GP,M,REGAL TEXTILE,4000,DN-CAB-01,3162,C-G,,OCR-GUL,,304.5,,B,,,,03,,,,,OCR-GUL,DN-E048-01-SW15,DN_FFL,,FEEDER,,,,,,,4001265437,4001264926,4001761849,,3000000049936,,3162,{60A7791B-A201-4527-AA17-699EF4082835},6/28/2018,,U80016139,NT,FACT,,,,,12:00:00 AM,0,S,,,12:00:00 AM,,,,,,,,,0,0,,,,,,,,,
FEEDER,3168,DN01,FDR-003168,,127,AO_GP,M,BATWA III,4000,DN-CAB-01,3168,C-G,,OCR-GUL,,304.5,,B,,,,12,,,,,OCR-GUL,DN-E075-02-SWK29,DN_FFL,,FEEDER,,,,,,,4001265441,4001264930,4001761417,,3000000049940,,3168,{CC10387B-4F37-4FF8-9CE8-0729BD56166D},6/28/2018,,U80016139,NT,FACT,,,,,12:00:00 AM,0,S,,,12:00:00 AM,,,,,,,,,0,0,,,,,,,,,
FEEDER,3176,DN01,FDR-003176,,123,AO_GP,M,NILLAT,4000,DN-CAB-01,3176,C-G,,OCR-GUL,,304.5,,B,,,,16,,,,,OCR-GUL,DN-E077-01-SW4,DN_FFL,,FEEDER,,,,,,,4001265442,4001264931,4001761277,,3000000049941,,3176,{54CB3247-8C5E-4B7E-AFD6-DF10B405A043},6/28/2018,,U80016139,NT,FACT,,,,,12:00:00 AM,0,S,,,12:00:00 AM,,,,,,,,,0,0,,,,,,,,,
FEEDER,3177,DN01,FDR-003177,,123,AO_GP,M,PAK SWISS,4000,DN-CAB-01,3177,C-G,,OCR-GUL,,304.5,,B,,,,16,,,,,OCR-GUL,DN-E077-01-SW2,DN_FFL,,FEEDER,,,,,,,4001265443,4001264932,4001761278,,3000000049942,,3177,{A9FFB639-12A4-48BD-A3B4-C325DC738378},6/28/2018,,U80016139,NT,FACT,,,,,12:00:00 AM,0,S,,,12:00:00 AM,,,,,,,,,0,0,,,,,,,,,
FEEDER,3315,DN01,FDR-003315,,123,AO_GP,M,SQUARE ONE,4000,DN-CAB-01,3315,C-G,,OCR-GUL,,304.5,,K,,,,16,,,,,OCR-GUL,DN-E018-04-SW60,DN_FFL,,FEEDER,,,,,,,4001265452,4001264941,4001761279,,3000000049951,,3315,{0004C67D-18AC-467E-A350-BCF04161E36C},6/28/2018,,U80016139,NT,FACT,,,,3/30/2022,11:42:14 AM,0,D,GULSHAN-MGR,3/30/2022,11:42:10 AM,,4002566394,4002566395,,,,,,0,0,,,,,,,,,
FEEDER,3316,DN01,FDR-003316,,123,AO_GP,M,DREAM LAND,4000,DN-CAB-01,3316,C-G,,OCR-GUL,,304.5,,K,,,,16,,,,,OCR-GUL,DN-E018-04-SW65,DN_FFL,,FEEDER,,,,,,,4001265453,4001264942,4001761280,,3000000049952,,3316,{894A82A6-97D1-49DC-BBB0-40F173A1025A},6/28/2018,,U80016139,NT,FACT,,,,3/30/2022,12:57:35 PM,0,S,GULSHAN-MGR,3/30/2022,12:57:28 PM,,4002566528,4002566529,,,,,,0,0,,,,,,,,,
FEEDER,3325,DN01,FDR-003325,,132,AO_GP,M,UNION TEXTILE,4000,DN-CAB-01,3325,C-G,,OCR-GUL,,304.5,,B,,,,03,,,,,OCR-GUL,DN-E012-03-SW4,DN_FFL,,FEEDER,,,,,,,4001265454,4001264943,4001761850,,3000000049953,,3325,{100C1D6E-0467-4E71-8506-169FC7FB0DDF},6/28/2018,,U80016139,NT,FACT,,,,,12:00:00 AM,0,S,,,12:00:00 AM,,,,,,,,,0,0,,,,,,,,,
FEEDER,3341,DN01,FDR-003341,,132,AO_GP,M,BAKHSHI SQUARE,4000,DN-CAB-01,3341,C-G,,OCR-GUL,,304.5,,B,,,,0003,,,,,OCR-GUL,DN-E075-01-SWK02,DN_FFL,,FEEDER,,,,,,,4001265459,4001264948,4001761418,,3000000049958,,003341,{E9764734-1495-44EA-A62D-1B49B6E83CFB},10/5/2018,,U80016139,FA,FACT,,,,,12:00:00 AM,0,S,GULSHAN-MGR,7/6/2020,12:38:12 PM,,,,,,,,,0,0,,,,,,,,,
FEEDER,3342,DN01,FDR-003342,,132,AO_GP,M,ANGLOW SCHOOL,4000,DN-CAB-01,3342,C-G,,OCR-GUL,,304.5,,B,,,,03,,,,,OCR-GUL,DN-E075-01-SWK03,DN_FFL,,FEEDER,,,,,,,4001265460,4001264949,4001761851,,3000000049959,,3342,{2B3DA6E7-9E89-4664-B680-0665BEEE6196},6/28/2018,,U80016139,NT,FACT,,,,,12:00:00 AM,0,S,,,12:00:00 AM,,,,,,,,,0,0,,,,,,,,,
FEEDER,3397,DN01,FDR-003397,,136,AO_GP,M,CHANDNI CHOWK SS,4000,DN-CAB-01,3397,C-G,,OCR-GUL,,304.5,,B,,,,30,,,,,OCR-GUL,DN-E032-01-SW36,DN_FFL,,FEEDER,,,,,,,4001599640,#N/A,4001762033,,3000000088058,,003397,{AAB0EA3E-F5F5-4C42-B4FD-E56A66953C2A},6/28/2018,,U80016139,NT,FACT,,,,4/20/2020,1:14:56 PM,0,S,GULSHAN-MGR,6/9/2020,5:25:04 PM,,,,,,,,,0,0,,,,,,,,,
FEEDER,3414,DN01,FDR-003414,,136,AO_GP,M,BOSE,4000,DN-CAB-01,3414,C-G,,OCR-GUL,,300,,B,,,,30,,,,,OCR-GUL,DN-E032-02-SW9,DN_FFL,,FEEDER,,,,,,,4001359617,4001359614,4001762034,,3000000088071,,3414,{EFFA5D21-E776-484B-B440-55FFD646701D},6/28/2018,,U80016139,NT,FACT,,,,6/21/2023,5:18:44 PM,0,D,GULSHAN-MGR,6/21/2023,5:18:43 PM,,4002774606,4002774607,,,,,,0,0,,,,,,,,,
FEEDER,3416,DN01,FDR-003416,,123,AO_GP,M,PIPE FACTORY,4000,DN-CAB-01,3416,C-G,,OCR-GUL,,304.5,,B,,,,16,,,,,OCR-GUL,DN-E018-01-SW11,DN_FFL,,FEEDER,,,,,,,4001599646,4001599648,4001761281,,3000000088072,,003416,{2DF6AB52-B0A5-4E27-A3F3-51085086B12D},6/28/2018,,U80016139,NT,FACT,,,,3/29/2022,2:34:32 PM,0,S,GULSHAN-MGR,3/29/2022,2:36:03 PM,,,,,,,,,0,0,,,,,,,,,
FEEDER,3439,DN01,FDR-003439,,132,AO_GP,M,SADIQ NAGAR,4000,DN-CAB-01,3439,C-G,,OCR-GUL,,304.5,,B,,,,03,,,,,OCR-GUL,DN-E075-02-SWK30,DN_FFL,,FEEDER,,,,,,,4001599659,4001599661,4001761852,,3000000088089,,3439,{ABE828DB-0215-489E-B179-E77978F6E8D7},6/28/2018,,U80016139,NT,FACT,,,,,12:00:00 AM,0,S,,,12:00:00 AM,,,,,,,,,0,0,,,,,,,,,
FEEDER,3459,DN01,FDR-003459,,136,AO_GP,M,HADI MARKET,4000,DN-CAB-01,3459,C-G,,OCR-GUL,,304.5,,B,,,,30,,,,,OCR-GUL,DN-E027-03-SW21,DN_FFL,,FEEDER,,,,,,,4001519564,4001519449,4001762035,,3000000090412,,003459,{75412073-F944-409E-B664-21BD4218CBDE},6/28/2018,,U80016139,NT,FACT,,,,,12:00:00 AM,0,S,,,12:00:00 AM,,,,,,,,,0,0,,,,,,,,,
FEEDER,3461,DN01,FDR-003461,,136,AO_GP,M,ISMAILIA FLAT,4000,DN-CAB-01,3461,C-G,,OCR-GUL,,304.5,,B,,,,30,,,,,OCR-GUL,DN-E027-02-SW40,DN_FFL,,FEEDER,,,,,,,4001519566,4001519451,4001762036,,3000000078062,,003461,{BED7DE95-68F5-49ED-BFA4-6E16312F146A},6/28/2018,,U80016139,NT,FACT,,,,,12:00:00 AM,0,S,,,12:00:00 AM,,,,,,,,,0,0,,,,,,,,,
FEEDER,3466,DN01,FDR-003466,,132,AO_GP,M,ANWAR-UL-ULOOM,4000,DN-CAB-01,3466,C-G,,OCR-GUL,,304,,B,,,,03,,,,,OCR-GUL,DN-E012-02-SW69,DN_FFL,,FEEDER,,,,,,,4001500683,4001500786,4001761853,,3000000088100,,3466,{60C86A18-9A82-4B48-8B9A-86FAE20C75F7},6/28/2018,,U80016139,NT,FACT,,,,5/25/2023,11:02:39 AM,0,S,GULSHAN-MGR,5/25/2023,11:03:27 AM,,,,,,,,,0,0,,,,,,,,,
FEEDER,3477,DN01,FDR-003477,,123,AO_GP,M,HARMAIN BUILDERS,4000,DN-CAB-01,3477,C-G,,OCR-GUL,,304.5,,B,,,,16,,,,,OCR-GUL,DN-E018-04-SW67,DN_FFL,,FEEDER,,,,,,,4001519575,4001519460,4001761282,,3000000078071,,3477,{CE6ACBC5-8ED7-4BF6-83FD-32B3C4A258DE},6/28/2018,,U80016139,NT,FACT,,,,3/30/2022,1:05:45 PM,0,S,GULSHAN-MGR,3/30/2022,1:05:44 PM,,4002566531,4002566532,,,,,,0,0,,,,,,,,,
FEEDER,3502,DN01,FDR-003502,,136,AO_GP,M,TOOBA MASJID,4000,DN-CAB-01,3502,C-G,,OCR-GUL,,300,,B,,,,30,,,,,OCR-GUL,DN-E040-03-SW25,DN_FFL,,FEEDER,,,,,,,4001591968,4001591990,4001762037,,3000000088106,,3502,{F9CB028C-C0A7-4CA3-A387-FFCC51D7B742},6/28/2018,,U80016139,NT,FACT,,,,6/21/2023,5:24:57 PM,0,S,GULSHAN-MGR,6/21/2023,5:24:57 PM,,4002709763,4002709764,,,,,,0,0,,,,,,,,,
FEEDER,3514,DN01,FDR-003514,,132,AO_GP,M,MUCCA CHOWK,4000,DN-CAB-01,3514,C-G,,OCR-GUL,,304.5,,B,,,,0003,,,,,OCR-GUL,DN-E075-02-SWK31,DN_FFL,,FEEDER,,,,,,,4001519606,4001519491,4001761419,,3000000078102,,003514,{A2E9F3DD-75B4-4516-88C1-4730A744BC20},10/5/2018,,U80016139,FA,FACT,,,,,12:00:00 AM,0,S,GULSHAN-MGR,7/6/2020,12:42:22 PM,,,,,,,,,0,0,,,,,,,,,
FEEDER,3539,DN01,FDR-003539,,123,AO_GP,M,ALLAH NOOR,4000,DN-CAB-01,3539,C-G,,OCR-GUL,,304.5,,B,,,,16,,,,,OCR-GUL,DN-E077-03-SW37,DN_FFL,,FEEDER,,,,,,,4001591954,4001591975,4001761283,,3000000088123,,003539,{1108EBB8-B39B-42C8-99B6-B521BC36D5CC},6/28/2018,,U80016139,NT,FACT,,,,8/10/2020,4:37:54 PM,0,S,GULSHAN-MGR,8/10/2020,4:37:54 PM,,,,,,,,,0,0,,,,,,,,,
FEEDER,3547,DN01,FDR-003547,,127,AO_GP,M,REHBAR CLUB,4000,DN-CAB-01,3547,C-G,,OCR-GUL,,304.5,,B,,,,12,,,,,OCR-GUL,DN-E076-02-SW23,DN_FFL,,FEEDER,,,,,,,4001599681,4001599683,4001761420,,3000000074387,,3547,{620EFDC0-F54E-4424-8139-B6E749AAFA51},6/28/2018,,U80016139,NT,FACT,,,,,12:00:00 AM,0,D,,,12:00:00 AM,,,,,,,,,0,0,,,,,,,,,
FEEDER,3548,DN01,FDR-003548,,123,AO_GP,M,RABBI APARTMENT,4000,DN-CAB-01,3548,C-G,,OCR-GUL,,304.5,,B,,,,16,,,,,OCR-GUL,DN-E006-02-SW20,DN_FFL,,FEEDER,,,,,,,4001599686,4001599688,4001761284,,3000000074397,,3548,{779E29FE-4B0C-4C2F-B07B-F41725F527D9},6/28/2018,,U80016139,NT,FACT,,,,,12:00:00 AM,0,D,,,12:00:00 AM,,,,,,,,,0,0,,,,,,,,,
FEEDER,3549,DN01,FDR-003549,,127,AO_GP,M,TALIB COLONY,4000,DN-CAB-01,3549,C-G,,OCR-GUL,,304.5,,B,,,,12,,,,,OCR-GUL,DN-E076-02-SW21,DN_FFL,,FEEDER,,,,,,,4001599691,4001599693,4001761421,,3000000088130,,3549,{74D5D36A-A4A9-4268-8956-EEA0DA862A97},6/28/2018,,U80016139,NT,FACT,,,,,12:00:00 AM,0,S,,,12:00:00 AM,,,,,,,,,0,0,,,,,,,,,
FEEDER,3550,DN01,FDR-003550,,123,AO_GP,M,SAIMA ROYAL RESIDENCY-1,4000,DN-CAB-01,3550,C-G,,OCR-GUL,,304.5,,B,,,,16,,,,,OCR-GUL,DN-E018-04-SW56,DN_FFL,,FEEDER,,,,,,,4001665138,4001665139,4001761285,,3000000088131,,3550,{53573730-AB00-430D-A87D-958000D91810},6/28/2018,,U80016139,NT,FACT,,,,2/6/2023,11:32:01 AM,0,S,GULSHAN-MGR,2/6/2023,11:32:00 AM,,4002566382,4002566383,,,,,,0,0,,,,,,,,,
FEEDER,3551,DN01,FDR-003551,,123,AO_GP,M,SAIMA ROYAL RESIDENCY-2,4000,DN-CAB-01,3551,C-G,,OCR-GUL,,304.5,,B,,,,16,,,,,OCR-GUL,DN-E018-04-SW57,DN_FFL,,FEEDER,,,,,,,4001665149,4001665151,4001761286,,3000000088132,,3551,{7E93486D-B329-4D53-ADDA-087452B2447A},6/28/2018,,U80016139,NT,FACT,,,,3/30/2022,11:38:45 AM,0,S,GULSHAN-MGR,3/30/2022,11:38:45 AM,,4002566388,4002566389,,,,,,0,0,,,,,,,,,
FEEDER,3557,DN01,FDR-003557,,123,AO_GP,M,AG-2,4000,DN-CAB-01,3557,C-G,,OCR-GUL,,304.5,,B,,,,16,,,,,OCR-GUL,DN-E018-02-SW17,DN_FFL,,FEEDER,,,,,,,4001658241,4001658242,4001761287,,3000000088138,,3557,{0944FBA5-CF51-454D-891D-977BE0FB3B13},6/28/2018,,U80016139,NT,FACT,,,,3/29/2022,4:41:36 PM,0,S,GULSHAN-MGR,3/29/2022,4:41:35 PM,,4002565889,4002565890,,,,,,0,0,,,,,,,,,
FEEDER,3566,DN01,FDR-003566,,136,AO_GP,M,SANITARY SHOP,4000,DN-CAB-01,3566,C-G,,OCR-GUL,,304.5,,B,,,,30,,,,,OCR-GUL,DN-E076-01-SW2,DN_FFL,,FEEDER,,,,,,,4001602759,4001602780,4001762038,,3000000088147,,3566,{FD0BEAED-505E-49DF-92EC-E106ADD875D9},6/28/2018,,U80016139,NT,FACT,,,,,12:00:00 AM,0,S,,,12:00:00 AM,,,,,,,,,0,0,,,,,,,,,
FEEDER,3582,DN01,FDR-003582,,136,AO_GP,M,3H RMU,4000,DN-CAB-01,3582,C-G,,OCR-GUL,,300,,B,,,,30,,,,,OCR-GUL,DN-E040-04-SW31,DN_FFL,,FEEDER,,,,,,,4001600410,4001600411,4001762039,,3000000088160,,3582,{18A7EF91-AEAC-47D3-87D3-F36A4FB2D802},6/28/2018,,U80016139,NT,FACT,,,,6/21/2023,5:28:26 PM,0,S,GULSHAN-MGR,6/21/2023,5:28:25 PM,,4002774608,4002774609,,,,,,0,0,,,,,,,,,
FEEDER,3596,DN01,FDR-003596,,136,AO_GP,M,NAZ ICE,4000,DN-CAB-01,3596,C-G,,OCR-GUL,,304.5,,B,,,,30,,,,,OCR-GUL,DN-E040-06-SW82,DN_FFL,,FEEDER,,,,,,,4001602320,4001602321,4001762040,,3000000088174,,003596,{8C78B6ED-2E51-46B4-8517-5E904A7AD4AD},6/28/2018,,U80016139,NT,FACT,,,,1/18/2023,10:46:42 AM,0,S,GULSHAN-MGR,1/18/2023,10:46:42 AM,,4002710200,4002710201,,,,,,0,0,,,,,,,,,
FEEDER,3604,DN01,FDR-003604,,132,AO_GP,M,SHAFIQ-II,4000,DN-CAB-01,3604,C-G,,OCR-GUL,,304,,B,,,,03,,,,,OCR-GUL,DN-E012-03-SW18,DN_FFL,,FEEDER,,,,,,,4001414122,4001415715,4001761854,,3000000088182,,3604,{CF0D8F8B-73E8-4F02-9B0B-C64E59D40128},6/28/2018,,U80016139,NT,FACT,,,,8/16/2023,5:04:59 PM,0,S,GULSHAN-MGR,8/16/2023,5:04:58 PM,,,,,,,,,0,0,,,,,,,,,
